Fecha,Energia Consumida Mw/h
2011-01-01,605.99
2011-01-02,641.86
2011-01-03,801.3
2011-01-04,833.25
2011-01-05,803.48
2011-01-06,659.17
2011-01-07,745.35
2011-01-08,714.2
2011-01-09,676.57
2011-01-10,825.09
2011-01-11,839.41
2011-01-12,831.75
2011-01-13,831.68
2011-01-14,828.36
2011-01-15,740.28
2011-01-16,690.53
2011-01-17,833.38
2011-01-18,854.01
2011-01-19,852.74
2011-01-20,848.13
2011-01-21,869.54
2011-01-22,811.26
2011-01-23,762.61
2011-01-24,909.27
2011-01-25,925.84
2011-01-26,922.89
2011-01-27,908.66
2011-01-28,893.97
2011-01-29,789.68
2011-01-30,731.64
2011-01-31,884.11
2011-02-01,896.37
2011-02-02,888.99
2011-02-03,880.05
2011-02-04,863.2
2011-02-05,764.26
2011-02-06,695.03
2011-02-07,833.54
2011-02-08,857.81
2011-02-09,854.9
2011-02-10,847.73
2011-02-11,840.68
2011-02-12,749.06
2011-02-13,693.92
2011-02-14,837.84
2011-02-15,867.72
2011-02-16,862.55
2011-02-17,867.48
2011-02-18,844.06
2011-02-19,753.14
2011-02-20,678.34
2011-02-21,813.13
2011-02-22,813.5
2011-02-23,792.26
2011-02-24,790.55
2011-02-25,780.62
2011-02-26,698.19
2011-02-27,643.62
2011-02-28,786.01
2011-03-01,838.91
2011-03-02,857.4
2011-03-03,872.25
2011-03-04,872.09
2011-03-05,751.94
2011-03-06,679.0
2011-03-07,798.63
2011-03-08,826.5
2011-03-09,837.59
2011-03-10,826.07
2011-03-11,830.68
2011-03-12,735.54
2011-03-13,660.6
2011-03-14,806.16
2011-03-15,820.88
2011-03-16,821.4
2011-03-17,796.02
2011-03-18,774.56
2011-03-19,672.32
2011-03-20,620.39
2011-03-21,761.08
2011-03-22,786.18
2011-03-23,800.89
2011-03-24,795.39
2011-03-25,778.61
2011-03-26,686.67
2011-03-27,605.05
2011-03-28,755.23
2011-03-29,769.21
2011-03-30,769.48
2011-03-31,753.62
2011-04-01,739.28
2011-04-02,651.74
2011-04-03,605.9
2011-04-04,724.92
2011-04-05,736.42
2011-04-06,739.28
2011-04-07,732.2
2011-04-08,735.24
2011-04-09,648.44
2011-04-10,592.95
2011-04-11,717.89
2011-04-12,734.04
2011-04-13,730.79
2011-04-14,733.16
2011-04-15,732.74
2011-04-16,654.13
2011-04-17,588.09
2011-04-18,699.18
2011-04-19,714.25
2011-04-20,699.45
2011-04-21,603.83
2011-04-22,557.7
2011-04-23,581.22
2011-04-24,552.42
2011-04-25,621.97
2011-04-26,699.88
2011-04-27,712.55
2011-04-28,714.34
2011-04-29,718.15
2011-04-30,636.04
2011-05-01,553.11
2011-05-02,638.82
2011-05-03,713.17
2011-05-04,723.35
2011-05-05,726.62
2011-05-06,721.23
2011-05-07,643.46
2011-05-08,577.05
2011-05-09,706.55
2011-05-10,728.33
2011-05-11,732.31
2011-05-12,732.97
2011-05-13,729.7
2011-05-14,657.06
2011-05-15,582.28
2011-05-16,703.88
2011-05-17,720.29
2011-05-18,733.28
2011-05-19,730.3
2011-05-20,718.02
2011-05-21,642.17
2011-05-22,580.82
2011-05-23,721.33
2011-05-24,751.96
2011-05-25,763.35
2011-05-26,768.99
2011-05-27,753.57
2011-05-28,660.43
2011-05-29,599.69
2011-05-30,719.8
2011-05-31,740.15
2011-06-01,736.51
2011-06-02,731.59
2011-06-03,728.18
2011-06-04,650.94
2011-06-05,593.26
2011-06-06,717.83
2011-06-07,729.12
2011-06-08,726.96
2011-06-09,726.2
2011-06-10,729.08
2011-06-11,651.72
2011-06-12,597.6
2011-06-13,709.3
2011-06-14,765.95
2011-06-15,781.39
2011-06-16,781.07
2011-06-17,775.01
2011-06-18,689.77
2011-06-19,619.46
2011-06-20,771.42
2011-06-21,807.86
2011-06-22,807.26
2011-06-23,758.16
2011-06-24,732.48
2011-06-25,706.6
2011-06-26,659.25
2011-06-27,819.45
2011-06-28,840.97
2011-06-29,831.15
2011-06-30,822.54
2011-07-01,815.52
2011-07-02,734.51
2011-07-03,654.92
2011-07-04,769.98
2011-07-05,811.72
2011-07-06,825.21
2011-07-07,810.75
2011-07-08,801.23
2011-07-09,717.12
2011-07-10,649.71
2011-07-11,803.3
2011-07-12,822.85
2011-07-13,795.7
2011-07-14,787.72
2011-07-15,794.88
2011-07-16,716.61
2011-07-17,644.72
2011-07-18,759.63
2011-07-19,778.79
2011-07-20,779.2
2011-07-21,794.63
2011-07-22,777.92
2011-07-23,683.02
2011-07-24,612.8
2011-07-25,705.69
2011-07-26,785.36
2011-07-27,789.03
2011-07-28,791.08
2011-07-29,784.44
2011-07-30,692.13
2011-07-31,620.91
2011-08-01,750.73
2011-08-02,755.28
2011-08-03,762.73
2011-08-04,775.53
2011-08-05,774.42
2011-08-06,698.98
2011-08-07,638.55
2011-08-08,748.38
2011-08-09,753.56
2011-08-10,757.4
2011-08-11,765.07
2011-08-12,758.08
2011-08-13,680.44
2011-08-14,627.46
2011-08-15,642.72
2011-08-16,758.52
2011-08-17,776.78
2011-08-18,779.46
2011-08-19,789.42
2011-08-20,727.93
2011-08-21,657.78
2011-08-22,766.21
2011-08-23,790.96
2011-08-24,796.13
2011-08-25,796.55
2011-08-26,778.67
2011-08-27,673.3
2011-08-28,625.48
2011-08-29,770.86
2011-08-30,796.51
2011-08-31,804.91
2011-09-01,797.79
2011-09-02,775.8
2011-09-03,672.61
2011-09-04,614.62
2011-09-05,751.79
2011-09-06,782.34
2011-09-07,798.34
2011-09-08,788.02
2011-09-09,782.88
2011-09-10,706.75
2011-09-11,640.38
2011-09-12,785.87
2011-09-13,810.27
2011-09-14,819.03
2011-09-15,815.48
2011-09-16,808.45
2011-09-17,709.91
2011-09-18,627.66
2011-09-19,735.74
2011-09-20,755.13
2011-09-21,764.95
2011-09-22,774.55
2011-09-23,760.21
2011-09-24,661.34
2011-09-25,598.8
2011-09-26,738.82
2011-09-27,764.57
2011-09-28,762.05
2011-09-29,758.39
2011-09-30,754.46
2011-10-01,667.2
2011-10-02,604.19
2011-10-03,737.87
2011-10-04,753.88
2011-10-05,761.4
2011-10-06,764.64
2011-10-07,747.1
2011-10-08,651.6
2011-10-09,589.85
2011-10-10,718.31
2011-10-11,734.62
2011-10-12,622.93
2011-10-13,726.89
2011-10-14,733.21
2011-10-15,650.65
2011-10-16,590.23
2011-10-17,720.5
2011-10-18,735.45
2011-10-19,740.24
2011-10-20,738.4
2011-10-21,734.56
2011-10-22,649.39
2011-10-23,592.64
2011-10-24,713.77
2011-10-25,718.08
2011-10-26,741.96
2011-10-27,746.93
2011-10-28,736.81
2011-10-29,655.68
2011-10-30,616.99
2011-10-31,658.21
2011-11-01,598.62
2011-11-02,722.12
2011-11-03,740.74
2011-11-04,742.89
2011-11-05,664.67
2011-11-06,614.24
2011-11-07,740.39
2011-11-08,757.27
2011-11-09,751.95
2011-11-10,756.09
2011-11-11,746.87
2011-11-12,659.94
2011-11-13,605.6
2011-11-14,741.2
2011-11-15,758.44
2011-11-16,760.64
2011-11-17,764.01
2011-11-18,762.07
2011-11-19,681.32
2011-11-20,619.47
2011-11-21,749.04
2011-11-22,773.46
2011-11-23,769.35
2011-11-24,770.71
2011-11-25,766.1
2011-11-26,686.0
2011-11-27,639.89
2011-11-28,783.44
2011-11-29,799.13
2011-11-30,799.02
2011-12-01,795.57
2011-12-02,793.08
2011-12-03,711.73
2011-12-04,653.94
2011-12-05,748.87
2011-12-06,685.61
2011-12-07,750.77
2011-12-08,675.31
2011-12-09,743.01
2011-12-10,710.07
2011-12-11,673.36
2011-12-12,801.89
2011-12-13,816.26
2011-12-14,809.41
2011-12-15,810.85
2011-12-16,813.6
2011-12-17,725.01
2011-12-18,686.69
2011-12-19,824.4
2011-12-20,837.41
2011-12-21,812.67
2011-12-22,789.65
2011-12-23,765.05
2011-12-24,664.13
2011-12-25,585.07
2011-12-26,671.32
2011-12-27,751.55
2011-12-28,756.82
2011-12-29,755.7
2011-12-30,744.81
2011-12-31,671.7
2012-01-01,592.82
2012-01-02,726.09
2012-01-03,779.28
2012-01-04,790.3
2012-01-05,761.68
2012-01-06,637.43
2012-01-07,682.42
2012-01-08,666.7
2012-01-09,810.16
2012-01-10,841.23
2012-01-11,851.42
2012-01-12,855.6
2012-01-13,848.98
2012-01-14,762.15
2012-01-15,713.67
2012-01-16,861.53
2012-01-17,858.73
2012-01-18,852.48
2012-01-19,847.96
2012-01-20,831.69
2012-01-21,739.37
2012-01-22,683.58
2012-01-23,815.5
2012-01-24,828.69
2012-01-25,834.1
2012-01-26,841.52
2012-01-27,843.15
2012-01-28,753.37
2012-01-29,701.0
2012-01-30,838.32
2012-01-31,863.66
2012-02-01,868.5
2012-02-02,898.22
2012-02-03,911.01
2012-02-04,834.22
2012-02-05,776.74
2012-02-06,881.14
2012-02-07,889.63
2012-02-08,912.58
2012-02-09,916.02
2012-02-10,899.38
2012-02-11,813.98
2012-02-12,762.91
2012-02-13,908.38
2012-02-14,914.68
2012-02-15,893.49
2012-02-16,881.97
2012-02-17,865.0
2012-02-18,767.48
2012-02-19,703.88
2012-02-20,834.04
2012-02-21,843.9
2012-02-22,847.48
2012-02-23,834.39
2012-02-24,813.9
2012-02-25,726.74
2012-02-26,657.69
2012-02-27,770.87
2012-02-28,772.21
2012-02-29,776.7
2012-03-01,780.69
2012-03-02,787.92
2012-03-03,696.6
2012-03-04,642.96
2012-03-05,764.7
2012-03-06,791.5
2012-03-07,796.54
2012-03-08,797.15
2012-03-09,785.66
2012-03-10,699.51
2012-03-11,639.87
2012-03-12,751.05
2012-03-13,762.61
2012-03-14,756.25
2012-03-15,754.77
2012-03-16,750.86
2012-03-17,676.63
2012-03-18,623.49
2012-03-19,698.29
2012-03-20,791.97
2012-03-21,808.37
2012-03-22,788.09
2012-03-23,770.61
2012-03-24,678.81
2012-03-25,586.08
2012-03-26,730.8
2012-03-27,743.13
2012-03-28,727.96
2012-03-29,630.89
2012-03-30,699.45
2012-03-31,643.88
2012-04-01,586.7
2012-04-02,697.9
2012-04-03,717.87
2012-04-04,715.67
2012-04-05,630.79
2012-04-06,585.88
2012-04-07,616.8
2012-04-08,575.75
2012-04-09,629.26
2012-04-10,717.86
2012-04-11,732.91
2012-04-12,736.46
2012-04-13,737.19
2012-04-14,670.21
2012-04-15,617.98
2012-04-16,735.26
2012-04-17,754.38
2012-04-18,762.96
2012-04-19,763.0
2012-04-20,750.71
2012-04-21,661.26
2012-04-22,597.56
2012-04-23,707.17
2012-04-24,733.17
2012-04-25,736.06
2012-04-26,738.77
2012-04-27,732.35
2012-04-28,662.34
2012-04-29,602.82
2012-04-30,667.91
2012-05-01,579.86
2012-05-02,686.92
2012-05-03,726.12
2012-05-04,726.48
2012-05-05,647.7
2012-05-06,581.59
2012-05-07,702.25
2012-05-08,727.05
2012-05-09,719.92
2012-05-10,721.76
2012-05-11,724.85
2012-05-12,652.66
2012-05-13,599.72
2012-05-14,716.84
2012-05-15,723.69
2012-05-16,732.45
2012-05-17,733.7
2012-05-18,724.88
2012-05-19,639.67
2012-05-20,577.92
2012-05-21,695.1
2012-05-22,721.06
2012-05-23,718.43
2012-05-24,723.24
2012-05-25,722.15
2012-05-26,639.72
2012-05-27,581.43
2012-05-28,694.3
2012-05-29,729.06
2012-05-30,736.78
2012-05-31,747.94
2012-06-01,749.46
2012-06-02,668.97
2012-06-03,601.35
2012-06-04,728.13
2012-06-05,760.62
2012-06-06,772.34
2012-06-07,760.85
2012-06-08,744.29
2012-06-09,661.41
2012-06-10,613.85
2012-06-11,739.12
2012-06-12,739.76
2012-06-13,743.92
2012-06-14,752.59
2012-06-15,757.52
2012-06-16,677.69
2012-06-17,619.73
2012-06-18,746.76
2012-06-19,758.87
2012-06-20,761.41
2012-06-21,769.36
2012-06-22,761.96
2012-06-23,690.37
2012-06-24,633.53
2012-06-25,779.77
2012-06-26,823.28
2012-06-27,841.1
2012-06-28,840.41
2012-06-29,807.38
2012-06-30,707.0
2012-07-01,628.05
2012-07-02,733.42
2012-07-03,766.0
2012-07-04,780.28
2012-07-05,775.04
2012-07-06,760.73
2012-07-07,689.65
2012-07-08,624.53
2012-07-09,758.59
2012-07-10,781.52
2012-07-11,781.78
2012-07-12,782.56
2012-07-13,800.41
2012-07-14,705.17
2012-07-15,629.05
2012-07-16,760.97
2012-07-17,797.16
2012-07-18,813.25
2012-07-19,817.56
2012-07-20,805.81
2012-07-21,711.57
2012-07-22,644.3
2012-07-23,769.97
2012-07-24,780.93
2012-07-25,776.4
2012-07-26,785.45
2012-07-27,772.64
2012-07-28,683.78
2012-07-29,620.23
2012-07-30,747.59
2012-07-31,766.86
2012-08-01,787.08
2012-08-02,785.02
2012-08-03,770.49
2012-08-04,683.73
2012-08-05,613.98
2012-08-06,707.62
2012-08-07,729.68
2012-08-08,749.5
2012-08-09,777.56
2012-08-10,791.49
2012-08-11,721.23
2012-08-12,640.67
2012-08-13,726.82
2012-08-14,737.46
2012-08-15,644.12
2012-08-16,726.54
2012-08-17,750.2
2012-08-18,698.08
2012-08-19,656.19
2012-08-20,786.55
2012-08-21,814.63
2012-08-22,819.58
2012-08-23,804.43
2012-08-24,786.14
2012-08-25,703.95
2012-08-26,635.31
2012-08-27,769.03
2012-08-28,792.58
2012-08-29,798.83
2012-08-30,779.64
2012-08-31,741.25
2012-09-01,657.28
2012-09-02,599.83
2012-09-03,719.59
2012-09-04,746.34
2012-09-05,756.21
2012-09-06,766.19
2012-09-07,764.63
2012-09-08,677.55
2012-09-09,619.09
2012-09-10,728.68
2012-09-11,734.18
2012-09-12,769.52
2012-09-13,755.98
2012-09-14,741.19
2012-09-15,662.54
2012-09-16,610.03
2012-09-17,739.85
2012-09-18,762.89
2012-09-19,763.45
2012-09-20,755.13
2012-09-21,749.65
2012-09-22,668.32
2012-09-23,608.9
2012-09-24,708.79
2012-09-25,723.87
2012-09-26,703.76
2012-09-27,703.28
2012-09-28,704.84
2012-09-29,619.34
2012-09-30,564.11
2012-10-01,677.92
2012-10-02,703.24
2012-10-03,709.26
2012-10-04,715.32
2012-10-05,710.46
2012-10-06,633.57
2012-10-07,581.26
2012-10-08,705.01
2012-10-09,713.44
2012-10-10,728.32
2012-10-11,715.38
2012-10-12,593.33
2012-10-13,593.84
2012-10-14,565.67
2012-10-15,678.43
2012-10-16,700.81
2012-10-17,706.36
2012-10-18,716.48
2012-10-19,714.75
2012-10-20,632.02
2012-10-21,575.05
2012-10-22,688.47
2012-10-23,704.34
2012-10-24,707.92
2012-10-25,699.47
2012-10-26,689.03
2012-10-27,619.15
2012-10-28,599.02
2012-10-29,704.86
2012-10-30,743.54
2012-10-31,730.9
2012-11-01,621.09
2012-11-02,663.92
2012-11-03,634.74
2012-11-04,594.23
2012-11-05,714.75
2012-11-06,746.84
2012-11-07,765.09
2012-11-08,757.29
2012-11-09,739.29
2012-11-10,662.4
2012-11-11,621.61
2012-11-12,744.69
2012-11-13,757.9
2012-11-14,674.44
2012-11-15,730.41
2012-11-16,733.3
2012-11-17,661.16
2012-11-18,605.37
2012-11-19,729.21
2012-11-20,751.21
2012-11-21,751.59
2012-11-22,753.51
2012-11-23,748.02
2012-11-24,665.93
2012-11-25,612.08
2012-11-26,741.29
2012-11-27,779.68
2012-11-28,797.06
2012-11-29,796.91
2012-11-30,805.33
2012-12-01,730.67
2012-12-02,686.91
2012-12-03,803.05
2012-12-04,819.7
2012-12-05,809.5
2012-12-06,717.59
2012-12-07,751.72
2012-12-08,687.5
2012-12-09,668.09
2012-12-10,815.46
2012-12-11,836.37
2012-12-12,842.94
2012-12-13,837.53
2012-12-14,818.1
2012-12-15,713.78
2012-12-16,656.33
2012-12-17,766.71
2012-12-18,787.23
2012-12-19,783.06
2012-12-20,768.32
2012-12-21,736.14
2012-12-22,660.84
2012-12-23,618.53
2012-12-24,622.38
2012-12-25,549.51
2012-12-26,649.22
2012-12-27,697.9
2012-12-28,700.83
2012-12-29,661.89
2012-12-30,626.24
2012-12-31,661.07
2013-01-01,581.42
2013-01-02,730.43
2013-01-03,764.2
2013-01-04,760.9
2013-01-05,684.81
2013-01-06,623.97
2013-01-07,715.98
2013-01-08,811.35
2013-01-09,826.81
2013-01-10,815.09
2013-01-11,802.82
2013-01-12,719.35
2013-01-13,681.36
2013-01-14,814.79
2013-01-15,834.7
2013-01-16,839.52
2013-01-17,817.78
2013-01-18,807.42
2013-01-19,722.95
2013-01-20,678.37
2013-01-21,801.76
2013-01-22,844.41
2013-01-23,847.77
2013-01-24,832.74
2013-01-25,818.43
2013-01-26,717.68
2013-01-27,671.16
2013-01-28,787.52
2013-01-29,801.65
2013-01-30,795.02
2013-01-31,781.29
2013-02-01,774.27
2013-02-02,705.97
2013-02-03,662.72
2013-02-04,785.12
2013-02-05,792.78
2013-02-06,807.98
2013-02-07,816.8
2013-02-08,815.86
2013-02-09,732.07
2013-02-10,683.07
2013-02-11,812.15
2013-02-12,819.49
2013-02-13,812.19
2013-02-14,793.79
2013-02-15,778.88
2013-02-16,704.78
2013-02-17,658.93
2013-02-18,768.95
2013-02-19,793.7
2013-02-20,782.48
2013-02-21,786.31
2013-02-22,788.44
2013-02-23,725.76
2013-02-24,681.73
2013-02-25,819.83
2013-02-26,838.27
2013-02-27,848.13
2013-02-28,842.56
2013-03-01,830.6
2013-03-02,721.04
2013-03-03,663.92
2013-03-04,800.3
2013-03-05,797.88
2013-03-06,781.0
2013-03-07,777.78
2013-03-08,755.08
2013-03-09,668.23
2013-03-10,621.9
2013-03-11,750.38
2013-03-12,778.75
2013-03-13,802.64
2013-03-14,807.95
2013-03-15,786.63
2013-03-16,711.56
2013-03-17,653.39
2013-03-18,730.76
2013-03-19,752.26
2013-03-20,762.81
2013-03-21,760.95
2013-03-22,756.57
2013-03-23,677.66
2013-03-24,621.27
2013-03-25,736.38
2013-03-26,737.55
2013-03-27,715.78
2013-03-28,632.07
2013-03-29,587.33
2013-03-30,596.99
2013-03-31,552.55
2013-04-01,634.16
2013-04-02,710.29
2013-04-03,733.48
2013-04-04,739.73
2013-04-05,749.85
2013-04-06,675.28
2013-04-07,625.34
2013-04-08,730.58
2013-04-09,750.72
2013-04-10,742.93
2013-04-11,733.77
2013-04-12,722.98
2013-04-13,634.82
2013-04-14,574.97
2013-04-15,683.59
2013-04-16,700.48
2013-04-17,697.94
2013-04-18,696.89
2013-04-19,698.92
2013-04-20,621.99
2013-04-21,570.47
2013-04-22,678.55
2013-04-23,686.51
2013-04-24,694.27
2013-04-25,703.18
2013-04-26,703.11
2013-04-27,632.76
2013-04-28,601.72
2013-04-29,724.92
2013-04-30,723.27
2013-05-01,588.77
2013-05-02,666.7
2013-05-03,682.99
2013-05-04,616.33
2013-05-05,565.18
2013-05-06,678.64
2013-05-07,701.68
2013-05-08,701.46
2013-05-09,702.37
2013-05-10,700.1
2013-05-11,620.53
2013-05-12,570.19
2013-05-13,677.25
2013-05-14,700.59
2013-05-15,692.3
2013-05-16,697.42
2013-05-17,696.68
2013-05-18,626.74
2013-05-19,577.26
2013-05-20,679.75
2013-05-21,708.85
2013-05-22,706.28
2013-05-23,703.24
2013-05-24,693.69
2013-05-25,619.99
2013-05-26,567.35
2013-05-27,676.17
2013-05-28,694.81
2013-05-29,699.77
2013-05-30,681.98
2013-05-31,686.28
2013-06-01,624.33
2013-06-02,572.38
2013-06-03,678.05
2013-06-04,700.06
2013-06-05,703.39
2013-06-06,703.08
2013-06-07,695.65
2013-06-08,622.71
2013-06-09,574.95
2013-06-10,684.21
2013-06-11,713.28
2013-06-12,730.28
2013-06-13,740.92
2013-06-14,738.18
2013-06-15,659.23
2013-06-16,606.2
2013-06-17,706.58
2013-06-18,708.2
2013-06-19,706.57
2013-06-20,709.73
2013-06-21,704.44
2013-06-22,640.77
2013-06-23,590.65
2013-06-24,652.31
2013-06-25,712.61
2013-06-26,723.07
2013-06-27,724.94
2013-06-28,719.05
2013-06-29,652.61
2013-06-30,602.03
2013-07-01,721.6
2013-07-02,741.22
2013-07-03,755.58
2013-07-04,770.81
2013-07-05,772.49
2013-07-06,694.13
2013-07-07,641.75
2013-07-08,769.24
2013-07-09,799.51
2013-07-10,803.37
2013-07-11,797.75
2013-07-12,786.95
2013-07-13,698.61
2013-07-14,627.01
2013-07-15,758.39
2013-07-16,781.43
2013-07-17,788.58
2013-07-18,786.12
2013-07-19,782.81
2013-07-20,693.54
2013-07-21,626.26
2013-07-22,762.22
2013-07-23,787.06
2013-07-24,791.85
2013-07-25,779.11
2013-07-26,776.05
2013-07-27,689.17
2013-07-28,619.15
2013-07-29,722.66
2013-07-30,744.12
2013-07-31,751.87
2013-08-01,777.72
2013-08-02,778.54
2013-08-03,681.25
2013-08-04,623.42
2013-08-05,739.05
2013-08-06,754.48
2013-08-07,743.77
2013-08-08,720.41
2013-08-09,716.67
2013-08-10,661.44
2013-08-11,616.12
2013-08-12,721.91
2013-08-13,737.2
2013-08-14,733.95
2013-08-15,648.64
2013-08-16,706.58
2013-08-17,664.34
2013-08-18,624.23
2013-08-19,747.08
2013-08-20,764.75
2013-08-21,771.05
2013-08-22,768.37
2013-08-23,759.89
2013-08-24,681.93
2013-08-25,614.3
2013-08-26,722.47
2013-08-27,736.3
2013-08-28,733.58
2013-08-29,715.82
2013-08-30,715.54
2013-08-31,644.28
2013-09-01,600.06
2013-09-02,724.21
2013-09-03,750.68
2013-09-04,757.06
2013-09-05,753.21
2013-09-06,746.13
2013-09-07,653.76
2013-09-08,591.77
2013-09-09,701.06
2013-09-10,733.49
2013-09-11,704.49
2013-09-12,725.25
2013-09-13,727.09
2013-09-14,653.48
2013-09-15,600.88
2013-09-16,720.34
2013-09-17,735.36
2013-09-18,741.37
2013-09-19,741.95
2013-09-20,732.07
2013-09-21,655.74
2013-09-22,600.72
2013-09-23,715.51
2013-09-24,729.98
2013-09-25,738.2
2013-09-26,738.82
2013-09-27,734.69
2013-09-28,642.66
2013-09-29,579.51
2013-09-30,698.37
2013-10-01,732.1
2013-10-02,734.7
2013-10-03,746.06
2013-10-04,727.21
2013-10-05,629.68
2013-10-06,572.85
2013-10-07,684.51
2013-10-08,701.13
2013-10-09,687.26
2013-10-10,703.01
2013-10-11,691.6
2013-10-12,592.1
2013-10-13,561.85
2013-10-14,677.76
2013-10-15,705.89
2013-10-16,707.21
2013-10-17,707.41
2013-10-18,706.64
2013-10-19,633.07
2013-10-20,575.11
2013-10-21,691.74
2013-10-22,715.66
2013-10-23,707.45
2013-10-24,711.5
2013-10-25,696.46
2013-10-26,621.47
2013-10-27,590.6
2013-10-28,685.51
2013-10-29,700.49
2013-10-30,700.92
2013-10-31,692.88
2013-11-01,603.54
2013-11-02,607.44
2013-11-03,574.01
2013-11-04,699.68
2013-11-05,711.78
2013-11-06,712.17
2013-11-07,714.99
2013-11-08,707.06
2013-11-09,628.65
2013-11-10,582.33
2013-11-11,693.12
2013-11-12,708.66
2013-11-13,716.27
2013-11-14,719.02
2013-11-15,727.42
2013-11-16,675.18
2013-11-17,629.2
2013-11-18,759.2
2013-11-19,773.5
2013-11-20,783.66
2013-11-21,796.55
2013-11-22,791.41
2013-11-23,715.39
2013-11-24,666.66
2013-11-25,800.36
2013-11-26,826.73
2013-11-27,832.54
2013-11-28,841.02
2013-11-29,827.54
2013-11-30,749.07
2013-12-01,691.12
2013-12-02,820.66
2013-12-03,821.99
2013-12-04,814.33
2013-12-05,805.32
2013-12-06,704.73
2013-12-07,704.3
2013-12-08,680.33
2013-12-09,778.26
2013-12-10,826.94
2013-12-11,825.7
2013-12-12,819.79
2013-12-13,814.43
2013-12-14,722.53
2013-12-15,671.37
2013-12-16,797.66
2013-12-17,809.1
2013-12-18,803.38
2013-12-19,802.02
2013-12-20,775.47
2013-12-21,708.41
2013-12-22,664.62
2013-12-23,729.25
2013-12-24,675.12
2013-12-25,576.53
2013-12-26,679.09
2013-12-27,704.76
2013-12-28,656.65
2013-12-29,628.02
2013-12-30,712.36
2013-12-31,679.1
2014-01-01,585.19
2014-01-02,715.79
2014-01-03,721.98
2014-01-04,679.48
2014-01-05,641.27
2014-01-06,604.08
2014-01-07,753.53
2014-01-08,780.95
2014-01-09,783.66
2014-01-10,782.08
2014-01-11,707.71
2014-01-12,659.56
2014-01-13,785.57
2014-01-14,801.86
2014-01-15,798.15
2014-01-16,797.72
2014-01-17,792.59
2014-01-18,717.44
2014-01-19,670.8
2014-01-20,799.96
2014-01-21,823.67
2014-01-22,821.13
2014-01-23,809.11
2014-01-24,802.96
2014-01-25,710.08
2014-01-26,646.08
2014-01-27,773.41
2014-01-28,811.72
2014-01-29,809.91
2014-01-30,810.11
2014-01-31,803.82
2014-02-01,724.51
2014-02-02,670.59
2014-02-03,815.9
2014-02-04,832.07
2014-02-05,816.5
2014-02-06,798.02
2014-02-07,791.55
2014-02-08,718.89
2014-02-09,675.91
2014-02-10,800.28
2014-02-11,837.91
2014-02-12,822.25
2014-02-13,794.93
2014-02-14,770.06
2014-02-15,696.98
2014-02-16,651.75
2014-02-17,781.81
2014-02-18,798.66
2014-02-19,785.49
2014-02-20,789.8
2014-02-21,775.46
2014-02-22,696.03
2014-02-23,642.71
2014-02-24,774.93
2014-02-25,794.28
2014-02-26,786.2
2014-02-27,795.18
2014-02-28,773.89
2014-03-01,712.67
2014-03-02,641.42
2014-03-03,764.25
2014-03-04,782.47
2014-03-05,770.12
2014-03-06,760.0
2014-03-07,748.8
2014-03-08,667.02
2014-03-09,612.04
2014-03-10,734.19
2014-03-11,748.78
2014-03-12,748.31
2014-03-13,748.4
2014-03-14,748.49
2014-03-15,666.82
2014-03-16,605.51
2014-03-17,706.89
2014-03-18,720.39
2014-03-19,700.31
2014-03-20,717.37
2014-03-21,721.36
2014-03-22,654.33
2014-03-23,604.4
2014-03-24,732.68
2014-03-25,754.95
2014-03-26,761.47
2014-03-27,745.58
2014-03-28,748.28
2014-03-29,682.44
2014-03-30,600.48
2014-03-31,727.91
2014-04-01,737.35
2014-04-02,744.27
2014-04-03,746.01
2014-04-04,736.25
2014-04-05,652.68
2014-04-06,589.58
2014-04-07,695.25
2014-04-08,708.46
2014-04-09,707.25
2014-04-10,699.41
2014-04-11,702.09
2014-04-12,634.64
2014-04-13,575.83
2014-04-14,672.61
2014-04-15,686.22
2014-04-16,676.46
2014-04-17,599.03
2014-04-18,544.23
2014-04-19,571.01
2014-04-20,545.74
2014-04-21,602.65
2014-04-22,675.74
2014-04-23,681.69
2014-04-24,697.69
2014-04-25,699.58
2014-04-26,637.37
2014-04-27,578.19
2014-04-28,675.93
2014-04-29,698.32
2014-04-30,695.06
2014-05-01,574.58
2014-05-02,620.75
2014-05-03,605.8
2014-05-04,563.66
2014-05-05,678.58
2014-05-06,700.9
2014-05-07,706.48
2014-05-08,707.92
2014-05-09,706.4
2014-05-10,640.17
2014-05-11,587.45
2014-05-12,695.27
2014-05-13,711.13
2014-05-14,711.15
2014-05-15,694.73
2014-05-16,695.09
2014-05-17,624.01
2014-05-18,571.28
2014-05-19,684.32
2014-05-20,704.59
2014-05-21,709.09
2014-05-22,703.36
2014-05-23,700.01
2014-05-24,628.24
2014-05-25,569.62
2014-05-26,682.81
2014-05-27,701.67
2014-05-28,709.29
2014-05-29,704.66
2014-05-30,695.19
2014-05-31,628.46
2014-06-01,570.46
2014-06-02,680.13
2014-06-03,705.32
2014-06-04,710.84
2014-06-05,714.43
2014-06-06,719.6
2014-06-07,651.05
2014-06-08,594.0
2014-06-09,695.76
2014-06-10,730.68
2014-06-11,743.74
2014-06-12,755.97
2014-06-13,763.74
2014-06-14,691.02
2014-06-15,616.6
2014-06-16,719.72
2014-06-17,736.73
2014-06-18,735.25
2014-06-19,717.74
2014-06-20,727.28
2014-06-21,664.24
2014-06-22,605.84
2014-06-23,701.97
2014-06-24,680.24
2014-06-25,714.18
2014-06-26,727.5
2014-06-27,732.73
2014-06-28,671.6
2014-06-29,599.22
2014-06-30,709.38
2014-07-01,738.83
2014-07-02,733.42
2014-07-03,723.9
2014-07-04,723.07
2014-07-05,668.11
2014-07-06,609.01
2014-07-07,709.44
2014-07-08,732.92
2014-07-09,740.89
2014-07-10,736.85
2014-07-11,736.33
2014-07-12,665.52
2014-07-13,607.86
2014-07-14,740.01
2014-07-15,774.55
2014-07-16,788.51
2014-07-17,800.56
2014-07-18,790.14
2014-07-19,688.62
2014-07-20,612.44
2014-07-21,736.48
2014-07-22,762.38
2014-07-23,776.32
2014-07-24,778.0
2014-07-25,752.27
2014-07-26,689.88
2014-07-27,634.35
2014-07-28,753.59
2014-07-29,744.03
2014-07-30,739.44
2014-07-31,737.28
2014-08-01,737.04
2014-08-02,651.41
2014-08-03,597.32
2014-08-04,710.79
2014-08-05,726.35
2014-08-06,736.46
2014-08-07,743.8
2014-08-08,744.19
2014-08-09,675.7
2014-08-10,622.03
2014-08-11,719.7
2014-08-12,729.53
2014-08-13,719.96
2014-08-14,692.04
2014-08-15,616.75
2014-08-16,620.53
2014-08-17,584.37
2014-08-18,694.6
2014-08-19,709.1
2014-08-20,709.02
2014-08-21,707.45
2014-08-22,700.46
2014-08-23,637.48
2014-08-24,596.16
2014-08-25,730.04
2014-08-26,768.28
2014-08-27,782.27
2014-08-28,784.17
2014-08-29,775.99
2014-08-30,691.08
2014-08-31,638.64
2014-09-01,778.79
2014-09-02,803.36
2014-09-03,803.21
2014-09-04,799.26
2014-09-05,788.36
2014-09-06,702.14
2014-09-07,642.46
2014-09-08,745.77
2014-09-09,778.42
2014-09-10,777.48
2014-09-11,751.05
2014-09-12,757.65
2014-09-13,687.13
2014-09-14,625.5
2014-09-15,741.54
2014-09-16,756.98
2014-09-17,755.73
2014-09-18,752.2
2014-09-19,744.22
2014-09-20,661.29
2014-09-21,600.6
2014-09-22,711.97
2014-09-23,714.49
2014-09-24,705.02
2014-09-25,704.64
2014-09-26,697.65
2014-09-27,624.7
2014-09-28,575.46
2014-09-29,690.44
2014-09-30,709.83
2014-10-01,714.06
2014-10-02,717.56
2014-10-03,711.05
2014-10-04,631.37
2014-10-05,576.26
2014-10-06,691.94
2014-10-07,709.37
2014-10-08,715.17
2014-10-09,701.56
2014-10-10,697.84
2014-10-11,622.89
2014-10-12,568.32
2014-10-13,654.65
2014-10-14,690.57
2014-10-15,705.74
2014-10-16,713.0
2014-10-17,707.8
2014-10-18,627.35
2014-10-19,572.65
2014-10-20,688.35
2014-10-21,712.56
2014-10-22,709.67
2014-10-23,698.96
2014-10-24,693.65
2014-10-25,615.97
2014-10-26,586.12
2014-10-27,681.83
2014-10-28,701.31
2014-10-29,704.08
2014-10-30,701.31
2014-10-31,689.9
2014-11-01,592.12
2014-11-02,562.3
2014-11-03,686.66
2014-11-04,707.57
2014-11-05,711.35
2014-11-06,721.66
2014-11-07,717.92
2014-11-08,643.61
2014-11-09,594.08
2014-11-10,713.07
2014-11-11,752.05
2014-11-12,743.68
2014-11-13,744.48
2014-11-14,737.41
2014-11-15,658.29
2014-11-16,612.07
2014-11-17,733.31
2014-11-18,762.04
2014-11-19,755.97
2014-11-20,747.96
2014-11-21,735.38
2014-11-22,651.82
2014-11-23,603.94
2014-11-24,716.05
2014-11-25,737.67
2014-11-26,740.26
2014-11-27,748.02
2014-11-28,743.82
2014-11-29,662.12
2014-11-30,613.85
2014-12-01,724.74
2014-12-02,747.88
2014-12-03,759.55
2014-12-04,765.03
2014-12-05,762.08
2014-12-06,680.68
2014-12-07,645.55
2014-12-08,663.5
2014-12-09,789.89
2014-12-10,805.47
2014-12-11,801.25
2014-12-12,798.58
2014-12-13,718.26
2014-12-14,673.96
2014-12-15,786.58
2014-12-16,797.48
2014-12-17,791.7
2014-12-18,779.85
2014-12-19,764.89
2014-12-20,694.0
2014-12-21,647.73
2014-12-22,744.15
2014-12-23,746.44
2014-12-24,671.03
2014-12-25,573.8
2014-12-26,659.87
2014-12-27,664.62
2014-12-28,637.62
2014-12-29,732.06
2014-12-30,745.08
2014-12-31,695.79
2015-01-01,603.96
2015-01-02,715.04
2015-01-03,698.65
2015-01-04,663.53
2015-01-05,714.78
2015-01-06,640.5
2015-01-07,797.76
2015-01-08,825.17
2015-01-09,814.97
2015-01-10,730.11
2015-01-11,677.86
2015-01-12,798.39
2015-01-13,808.84
2015-01-14,808.92
2015-01-15,805.49
2015-01-16,806.82
2015-01-17,737.37
2015-01-18,705.75
2015-01-19,832.36
2015-01-20,854.99
2015-01-21,858.83
2015-01-22,852.35
2015-01-23,840.3
2015-01-24,755.03
2015-01-25,691.4
2015-01-26,820.2
2015-01-27,828.54
2015-01-28,822.82
2015-01-29,817.27
2015-01-30,800.56
2015-01-31,722.2
2015-02-01,683.67
2015-02-02,828.26
2015-02-03,846.04
2015-02-04,864.07
2015-02-05,861.3
2015-02-06,865.56
2015-02-07,788.81
2015-02-08,722.72
2015-02-09,848.78
2015-02-10,855.15
2015-02-11,844.15
2015-02-12,837.36
2015-02-13,815.59
2015-02-14,731.92
2015-02-15,666.36
2015-02-16,781.26
2015-02-17,808.82
2015-02-18,805.3
2015-02-19,800.6
2015-02-20,800.55
2015-02-21,723.08
2015-02-22,667.17
2015-02-23,786.0
2015-02-24,804.97
2015-02-25,799.91
2015-02-26,785.08
2015-02-27,767.75
2015-02-28,688.93
2015-03-01,632.4
2015-03-02,740.93
2015-03-03,748.03
2015-03-04,759.2
2015-03-05,766.39
2015-03-06,759.17
2015-03-07,672.17
2015-03-08,620.21
2015-03-09,735.65
2015-03-10,746.13
2015-03-11,741.75
2015-03-12,737.81
2015-03-13,742.09
2015-03-14,683.93
2015-03-15,639.04
2015-03-16,756.96
2015-03-17,773.88
2015-03-18,778.77
2015-03-19,725.75
2015-03-20,748.69
2015-03-21,692.45
2015-03-22,643.67
2015-03-23,770.19
2015-03-24,788.33
2015-03-25,783.47
2015-03-26,774.78
2015-03-27,747.18
2015-03-28,658.01
2015-03-29,569.32
2015-03-30,688.47
2015-03-31,695.79
2015-04-01,686.21
2015-04-02,607.01
2015-04-03,552.21
2015-04-04,582.32
2015-04-05,556.14
2015-04-06,610.0
2015-04-07,691.83
2015-04-08,713.97
2015-04-09,721.53
2015-04-10,715.08
2015-04-11,648.07
2015-04-12,591.23
2015-04-13,687.03
2015-04-14,705.42
2015-04-15,715.12
2015-04-16,715.55
2015-04-17,706.8
2015-04-18,634.4
2015-04-19,582.14
2015-04-20,687.44
2015-04-21,701.52
2015-04-22,699.56
2015-04-23,687.65
2015-04-24,692.4
2015-04-25,634.92
2015-04-26,587.98
2015-04-27,692.63
2015-04-28,700.04
2015-04-29,703.5
2015-04-30,704.05
2015-05-01,578.72
2015-05-02,600.62
2015-05-03,579.56
2015-05-04,696.81
2015-05-05,712.69
2015-05-06,709.63
2015-05-07,709.58
2015-05-08,713.39
2015-05-09,645.34
2015-05-10,592.54
2015-05-11,708.21
2015-05-12,733.58
2015-05-13,744.74
2015-05-14,759.69
2015-05-15,715.05
2015-05-16,648.7
2015-05-17,596.73
2015-05-18,712.91
2015-05-19,725.03
2015-05-20,709.02
2015-05-21,704.15
2015-05-22,703.31
2015-05-23,638.6
2015-05-24,580.68
2015-05-25,690.5
2015-05-26,711.06
2015-05-27,718.11
2015-05-28,727.17
2015-05-29,718.63
2015-05-30,646.37
2015-05-31,593.33
2015-06-01,706.59
2015-06-02,738.78
2015-06-03,747.47
2015-06-04,730.59
2015-06-05,742.35
2015-06-06,678.37
2015-06-07,620.99
2015-06-08,745.77
2015-06-09,757.97
2015-06-10,757.78
2015-06-11,743.66
2015-06-12,726.78
2015-06-13,649.59
2015-06-14,589.72
2015-06-15,700.47
2015-06-16,708.04
2015-06-17,718.03
2015-06-18,728.23
2015-06-19,739.87
2015-06-20,677.99
2015-06-21,623.5
2015-06-22,746.98
2015-06-23,749.63
2015-06-24,709.07
2015-06-25,756.21
2015-06-26,773.09
2015-06-27,718.76
2015-06-28,668.29
2015-06-29,802.34
2015-06-30,825.91
2015-07-01,818.17
2015-07-02,807.3
2015-07-03,813.05
2015-07-04,735.0
2015-07-05,690.99
2015-07-06,833.84
2015-07-07,866.49
2015-07-08,861.34
2015-07-09,842.68
2015-07-10,830.76
2015-07-11,740.51
2015-07-12,681.0
2015-07-13,824.91
2015-07-14,849.61
2015-07-15,854.1
2015-07-16,852.06
2015-07-17,849.28
2015-07-18,753.32
2015-07-19,685.0
2015-07-20,841.22
2015-07-21,865.15
2015-07-22,856.07
2015-07-23,851.98
2015-07-24,843.69
2015-07-25,730.9
2015-07-26,673.2
2015-07-27,816.56
2015-07-28,833.87
2015-07-29,844.72
2015-07-30,819.96
2015-07-31,779.0
2015-08-01,680.36
2015-08-02,635.8
2015-08-03,774.25
2015-08-04,786.08
2015-08-05,794.42
2015-08-06,793.69
2015-08-07,801.22
2015-08-08,711.36
2015-08-09,636.48
2015-08-10,744.36
2015-08-11,762.74
2015-08-12,767.72
2015-08-13,753.53
2015-08-14,713.32
2015-08-15,621.54
2015-08-16,594.54
2015-08-17,697.94
2015-08-18,706.65
2015-08-19,709.23
2015-08-20,731.67
2015-08-21,745.03
2015-08-22,675.42
2015-08-23,614.47
2015-08-24,710.6
2015-08-25,735.56
2015-08-26,752.91
2015-08-27,764.24
2015-08-28,768.62
2015-08-29,700.91
2015-08-30,653.03
2015-08-31,782.34
2015-09-01,781.6
2015-09-02,773.14
2015-09-03,755.24
2015-09-04,732.69
2015-09-05,645.79
2015-09-06,591.06
2015-09-07,699.85
2015-09-08,702.43
2015-09-09,722.41
2015-09-10,728.51
2015-09-11,701.62
2015-09-12,652.09
2015-09-13,599.68
2015-09-14,704.0
2015-09-15,721.88
2015-09-16,731.47
2015-09-17,716.96
2015-09-18,709.62
2015-09-19,641.7
2015-09-20,590.66
2015-09-21,709.6
2015-09-22,729.25
2015-09-23,725.53
2015-09-24,716.02
2015-09-25,713.48
2015-09-26,641.5
2015-09-27,588.07
2015-09-28,699.25
2015-09-29,712.31
2015-09-30,709.94
2015-10-01,710.34
2015-10-02,710.14
2015-10-03,637.12
2015-10-04,591.92
2015-10-05,714.0
2015-10-06,721.39
2015-10-07,712.14
2015-10-08,708.63
2015-10-09,689.07
2015-10-10,624.38
2015-10-11,577.05
2015-10-12,591.15
2015-10-13,693.74
2015-10-14,702.33
2015-10-15,701.63
2015-10-16,702.42
2015-10-17,634.73
2015-10-18,585.86
2015-10-19,701.8
2015-10-20,714.15
2015-10-21,708.06
2015-10-22,706.49
2015-10-23,705.37
2015-10-24,632.45
2015-10-25,606.25
2015-10-26,698.71
2015-10-27,714.05
2015-10-28,712.97
2015-10-29,713.8
2015-10-30,705.35
2015-10-31,631.42
2015-11-01,577.44
2015-11-02,662.81
2015-11-03,713.16
2015-11-04,717.85
2015-11-05,712.97
2015-11-06,709.44
2015-11-07,631.29
2015-11-08,580.73
2015-11-09,682.74
2015-11-10,708.28
2015-11-11,712.16
2015-11-12,714.78
2015-11-13,714.25
2015-11-14,635.01
2015-11-15,590.68
2015-11-16,710.39
2015-11-17,732.32
2015-11-18,734.6
2015-11-19,729.87
2015-11-20,727.65
2015-11-21,658.98
2015-11-22,621.39
2015-11-23,761.05
2015-11-24,792.67
2015-11-25,786.28
2015-11-26,777.03
2015-11-27,765.6
2015-11-28,688.31
2015-11-29,640.78
2015-11-30,771.61
2015-12-01,790.1
2015-12-02,791.7
2015-12-03,783.0
2015-12-04,771.92
2015-12-05,695.78
2015-12-06,640.41
2015-12-07,677.34
2015-12-08,648.19
2015-12-09,756.86
2015-12-10,773.3
2015-12-11,773.03
2015-12-12,701.97
2015-12-13,657.02
2015-12-14,776.43
2015-12-15,780.96
2015-12-16,772.29
2015-12-17,770.59
2015-12-18,755.43
2015-12-19,688.72
2015-12-20,640.4
2015-12-21,744.71
2015-12-22,753.39
2015-12-23,737.15
2015-12-24,649.62
2015-12-25,552.93
2015-12-26,609.67
2015-12-27,607.42
2015-12-28,691.86
2015-12-29,688.85
2015-12-30,686.47
2015-12-31,635.23
2016-01-01,549.33
2016-01-02,614.37
2016-01-03,619.73
2016-01-04,704.97
2016-01-05,701.39
2016-01-06,619.99
2016-01-07,749.29
2016-01-08,750.16
2016-01-09,685.1
2016-01-10,648.71
2016-01-11,761.5
2016-01-12,778.89
2016-01-13,795.09
2016-01-14,802.43
2016-01-15,796.85
2016-01-16,726.14
2016-01-17,690.1
2016-01-18,809.65
2016-01-19,817.45
2016-01-20,812.59
2016-01-21,810.91
2016-01-22,797.25
2016-01-23,704.77
2016-01-24,649.54
2016-01-25,764.53
2016-01-26,783.13
2016-01-27,782.45
2016-01-28,781.22
2016-01-29,776.15
2016-01-30,701.07
2016-01-31,648.24
2016-02-01,755.6
2016-02-02,771.16
2016-02-03,774.92
2016-02-04,779.64
2016-02-05,778.44
2016-02-06,708.48
2016-02-07,654.89
2016-02-08,764.58
2016-02-09,776.3
2016-02-10,779.06
2016-02-11,770.15
2016-02-12,772.16
2016-02-13,694.72
2016-02-14,648.98
2016-02-15,783.87
2016-02-16,804.82
2016-02-17,819.62
2016-02-18,823.89
2016-02-19,809.71
2016-02-20,719.89
2016-02-21,662.0
2016-02-22,769.24
2016-02-23,775.84
2016-02-24,782.91
2016-02-25,773.02
2016-02-26,787.43
2016-02-27,730.65
2016-02-28,671.87
2016-02-29,766.56
2016-03-01,782.44
2016-03-02,780.44
2016-03-03,776.05
2016-03-04,776.29
2016-03-05,701.81
2016-03-06,657.32
2016-03-07,797.06
2016-03-08,800.62
2016-03-09,813.46
2016-03-10,806.94
2016-03-11,790.48
2016-03-12,707.08
2016-03-13,655.0
2016-03-14,780.22
2016-03-15,792.76
2016-03-16,788.13
2016-03-17,785.95
2016-03-18,776.98
2016-03-19,695.0
2016-03-20,644.67
2016-03-21,758.22
2016-03-22,758.87
2016-03-23,742.13
2016-03-24,645.17
2016-03-25,601.01
2016-03-26,622.07
2016-03-27,563.67
2016-03-28,652.08
2016-03-29,717.41
2016-03-30,722.45
2016-03-31,737.93
2016-04-01,741.46
2016-04-02,672.66
2016-04-03,629.07
2016-04-04,744.09
2016-04-05,760.5
2016-04-06,745.92
2016-04-07,738.81
2016-04-08,741.09
2016-04-09,663.84
2016-04-10,618.59
2016-04-11,733.82
2016-04-12,749.72
2016-04-13,737.98
2016-04-14,734.66
2016-04-15,725.63
2016-04-16,656.67
2016-04-17,600.87
2016-04-18,708.73
2016-04-19,730.88
2016-04-20,734.99
2016-04-21,725.98
2016-04-22,718.43
2016-04-23,639.36
2016-04-24,588.26
2016-04-25,696.7
2016-04-26,710.87
2016-04-27,717.65
2016-04-28,717.95
2016-04-29,713.57
2016-04-30,637.48
2016-05-01,563.4
2016-05-02,643.27
2016-05-03,700.91
2016-05-04,706.34
2016-05-05,709.5
2016-05-06,710.23
2016-05-07,639.23
2016-05-08,593.68
2016-05-09,705.13
2016-05-10,720.11
2016-05-11,718.24
2016-05-12,717.6
2016-05-13,711.55
2016-05-14,635.35
2016-05-15,579.22
2016-05-16,650.84
2016-05-17,692.3
2016-05-18,707.39
2016-05-19,706.58
2016-05-20,707.6
2016-05-21,641.34
2016-05-22,589.69
2016-05-23,688.91
2016-05-24,706.6
2016-05-25,712.52
2016-05-26,709.83
2016-05-27,709.43
2016-05-28,641.48
2016-05-29,584.03
2016-05-30,687.16
2016-05-31,704.59
2016-06-01,709.82
2016-06-02,714.22
2016-06-03,716.32
2016-06-04,646.94
2016-06-05,597.05
2016-06-06,713.23
2016-06-07,742.88
2016-06-08,757.7
2016-06-09,768.28
2016-06-10,757.2
2016-06-11,673.47
2016-06-12,618.1
2016-06-13,757.3
2016-06-14,769.26
2016-06-15,756.15
2016-06-16,719.36
2016-06-17,713.64
2016-06-18,653.39
2016-06-19,601.71
2016-06-20,717.72
2016-06-21,748.64
2016-06-22,758.12
2016-06-23,754.45
2016-06-24,718.65
2016-06-25,685.91
2016-06-26,625.08
2016-06-27,751.35
2016-06-28,778.86
2016-06-29,780.39
2016-06-30,785.08
2016-07-01,780.84
2016-07-02,706.13
2016-07-03,656.56
2016-07-04,773.37
2016-07-05,799.51
2016-07-06,804.02
2016-07-07,791.61
2016-07-08,800.68
2016-07-09,732.13
2016-07-10,681.65
2016-07-11,819.68
2016-07-12,820.25
2016-07-13,791.22
2016-07-14,775.03
2016-07-15,764.83
2016-07-16,693.16
2016-07-17,641.48
2016-07-18,779.96
2016-07-19,806.89
2016-07-20,822.38
2016-07-21,823.54
2016-07-22,800.63
2016-07-23,704.39
2016-07-24,647.52
2016-07-25,752.03
2016-07-26,818.35
2016-07-27,822.45
2016-07-28,820.12
2016-07-29,815.38
2016-07-30,732.72
2016-07-31,664.77
2016-08-01,777.38
2016-08-02,795.39
2016-08-03,803.66
2016-08-04,804.1
2016-08-05,784.6
2016-08-06,697.99
2016-08-07,643.89
2016-08-08,751.79
2016-08-09,762.03
2016-08-10,733.01
2016-08-11,727.54
2016-08-12,730.09
2016-08-13,669.49
2016-08-14,618.08
2016-08-15,634.29
2016-08-16,725.86
2016-08-17,742.27
2016-08-18,753.83
2016-08-19,759.78
2016-08-20,703.79
2016-08-21,641.31
2016-08-22,762.76
2016-08-23,783.0
2016-08-24,780.69
2016-08-25,773.71
2016-08-26,773.73
2016-08-27,707.64
2016-08-28,667.42
2016-08-29,796.22
2016-08-30,800.5
2016-08-31,801.02
2016-09-01,803.39
2016-09-02,809.91
2016-09-03,736.93
2016-09-04,694.8
2016-09-05,842.85
2016-09-06,866.78
2016-09-07,858.15
2016-09-08,807.73
2016-09-09,799.28
2016-09-10,715.19
2016-09-11,661.05
2016-09-12,791.19
2016-09-13,783.75
2016-09-14,738.15
2016-09-15,723.97
2016-09-16,720.65
2016-09-17,654.48
2016-09-18,604.76
2016-09-19,711.89
2016-09-20,733.66
2016-09-21,732.47
2016-09-22,738.11
2016-09-23,731.46
2016-09-24,649.25
2016-09-25,597.56
2016-09-26,716.85
2016-09-27,738.75
2016-09-28,739.4
2016-09-29,732.21
2016-09-30,728.24
2016-10-01,651.12
2016-10-02,599.36
2016-10-03,713.72
2016-10-04,736.56
2016-10-05,739.21
2016-10-06,734.53
2016-10-07,714.66
2016-10-08,645.86
2016-10-09,595.45
2016-10-10,702.19
2016-10-11,708.55
2016-10-12,614.95
2016-10-13,698.27
2016-10-14,700.73
2016-10-15,630.82
2016-10-16,587.22
2016-10-17,707.12
2016-10-18,725.28
2016-10-19,723.83
2016-10-20,722.61
2016-10-21,716.44
2016-10-22,648.32
2016-10-23,602.82
2016-10-24,711.5
2016-10-25,725.04
2016-10-26,722.85
2016-10-27,720.29
2016-10-28,715.1
2016-10-29,634.76
2016-10-30,601.76
2016-10-31,641.17
2016-11-01,592.7
2016-11-02,700.03
2016-11-03,714.62
2016-11-04,725.24
2016-11-05,654.14
2016-11-06,599.78
2016-11-07,726.99
2016-11-08,759.83
2016-11-09,758.84
2016-11-10,760.57
2016-11-11,754.89
2016-11-12,676.03
2016-11-13,624.56
2016-11-14,745.52
2016-11-15,768.88
2016-11-16,764.88
2016-11-17,763.28
2016-11-18,758.92
2016-11-19,678.26
2016-11-20,637.19
2016-11-21,753.84
2016-11-22,773.93
2016-11-23,780.11
2016-11-24,783.88
2016-11-25,789.82
2016-11-26,713.32
2016-11-27,658.69
2016-11-28,771.0
2016-11-29,790.57
2016-11-30,788.67
2016-12-01,785.88
2016-12-02,777.11
2016-12-03,706.54
2016-12-04,655.25
2016-12-05,732.59
2016-12-06,677.36
2016-12-07,737.83
2016-12-08,666.09
2016-12-09,715.35
2016-12-10,675.95
2016-12-11,645.63
2016-12-12,769.01
2016-12-13,795.44
2016-12-14,802.7
2016-12-15,806.79
2016-12-16,801.24
2016-12-17,714.04
2016-12-18,676.31
2016-12-19,806.32
2016-12-20,810.41
2016-12-21,802.39
2016-12-22,789.11
2016-12-23,750.54
2016-12-24,648.85
2016-12-25,567.3
2016-12-26,623.1
2016-12-27,716.95
2016-12-28,725.0
2016-12-29,725.6
2016-12-30,724.52
2016-12-31,667.16
2017-01-01,598.78
2017-01-02,737.4
2017-01-03,790.18
2017-01-04,787.4
2017-01-05,755.09
2017-01-06,647.77
2017-01-07,705.2
2017-01-08,694.08
2017-01-09,821.91
2017-01-10,846.22
2017-01-11,824.25
2017-01-12,815.39
2017-01-13,811.11
2017-01-14,747.72
2017-01-15,703.89
2017-01-16,824.37
2017-01-17,847.8
2017-01-18,884.98
2017-01-19,888.0
2017-01-20,866.32
2017-01-21,770.05
2017-01-22,712.92
2017-01-23,836.81
2017-01-24,843.53
2017-01-25,848.77
2017-01-26,856.4
2017-01-27,842.43
2017-01-28,743.67
2017-01-29,689.59
2017-01-30,798.15
2017-01-31,798.04
2017-02-01,796.45
2017-02-02,800.04
2017-02-03,789.36
2017-02-04,706.1
2017-02-05,659.57
2017-02-06,777.15
2017-02-07,783.94
2017-02-08,793.02
2017-02-09,801.54
2017-02-10,810.35
2017-02-11,736.08
2017-02-12,678.86
2017-02-13,785.84
2017-02-14,788.8
2017-02-15,776.0
2017-02-16,778.59
2017-02-17,772.2
2017-02-18,701.07
2017-02-19,650.0
2017-02-20,763.1
2017-02-21,773.56
2017-02-22,769.93
2017-02-23,774.78
2017-02-24,768.73
2017-02-25,689.26
2017-02-26,639.56
2017-02-27,741.53
2017-02-28,746.05
2017-03-01,759.95
2017-03-02,763.57
2017-03-03,774.33
2017-03-04,706.43
2017-03-05,650.81
2017-03-06,742.28
2017-03-07,750.45
2017-03-08,738.76
2017-03-09,733.77
2017-03-10,722.06
2017-03-11,646.82
2017-03-12,603.91
2017-03-13,738.36
2017-03-14,751.88
2017-03-15,737.0
2017-03-16,733.17
2017-03-17,725.4
2017-03-18,647.5
2017-03-19,596.77
2017-03-20,696.2
2017-03-21,735.18
2017-03-22,752.5
2017-03-23,765.14
2017-03-24,777.11
2017-03-25,702.11
2017-03-26,615.28
2017-03-27,752.45
2017-03-28,749.19
2017-03-29,740.48
2017-03-30,730.17
2017-03-31,726.14
2017-04-01,660.37
2017-04-02,612.97
2017-04-03,717.89
2017-04-04,731.51
2017-04-05,729.48
2017-04-06,726.58
2017-04-07,720.1
2017-04-08,651.74
2017-04-09,597.66
2017-04-10,695.54
2017-04-11,707.22
2017-04-12,694.47
2017-04-13,605.88
2017-04-14,559.75
2017-04-15,590.16
2017-04-16,559.53
2017-04-17,616.37
2017-04-18,696.19
2017-04-19,716.83
2017-04-20,715.78
2017-04-21,713.86
2017-04-22,648.3
2017-04-23,593.44
2017-04-24,679.71
2017-04-25,718.21
2017-04-26,727.07
2017-04-27,736.49
2017-04-28,731.29
2017-04-29,657.61
2017-04-30,601.95
2017-05-01,576.65
2017-05-02,684.56
2017-05-03,716.65
2017-05-04,720.22
2017-05-05,717.89
2017-05-06,645.26
2017-05-07,591.29
2017-05-08,701.84
2017-05-09,719.22
2017-05-10,722.36
2017-05-11,720.31
2017-05-12,713.44
2017-05-13,641.74
2017-05-14,588.76
2017-05-15,689.11
2017-05-16,727.07
2017-05-17,726.87
2017-05-18,725.2
2017-05-19,710.93
2017-05-20,642.95
2017-05-21,595.14
2017-05-22,707.22
2017-05-23,735.71
2017-05-24,744.76
2017-05-25,753.71
2017-05-26,751.8
2017-05-27,676.43
2017-05-28,614.29
2017-05-29,720.32
2017-05-30,730.95
2017-05-31,736.47
2017-06-01,747.52
2017-06-02,753.61
2017-06-03,679.43
2017-06-04,611.0
2017-06-05,703.31
2017-06-06,740.13
2017-06-07,749.36
2017-06-08,761.87
2017-06-09,759.33
2017-06-10,694.44
2017-06-11,650.19
2017-06-12,788.98
2017-06-13,817.98
2017-06-14,833.79
2017-06-15,840.94
2017-06-16,843.22
2017-06-17,775.07
2017-06-18,714.25
2017-06-19,838.64
2017-06-20,851.66
2017-06-21,854.6
2017-06-22,855.95
2017-06-23,835.35
2017-06-24,748.15
2017-06-25,690.61
2017-06-26,805.44
2017-06-27,810.66
2017-06-28,785.93
2017-06-29,749.64
2017-06-30,732.88
2017-07-01,665.29
2017-07-02,621.69
2017-07-03,746.87
2017-07-04,783.17
2017-07-05,793.96
2017-07-06,784.39
2017-07-07,774.03
2017-07-08,695.06
2017-07-09,644.5
2017-07-10,780.56
2017-07-11,811.27
2017-07-12,841.96
2017-07-13,864.11
2017-07-14,858.57
2017-07-15,764.62
2017-07-16,696.72
2017-07-17,829.41
2017-07-18,853.18
2017-07-19,843.29
2017-07-20,823.51
2017-07-21,803.78
2017-07-22,722.23
2017-07-23,662.97
2017-07-24,781.91
2017-07-25,775.63
2017-07-26,794.95
2017-07-27,821.65
2017-07-28,825.86
2017-07-29,752.3
2017-07-30,694.03
2017-07-31,786.53
2017-08-01,809.48
2017-08-02,815.81
2017-08-03,830.5
2017-08-04,844.86
2017-08-05,766.69
2017-08-06,696.28
2017-08-07,800.41
2017-08-08,790.77
2017-08-09,756.46
2017-08-10,722.88
2017-08-11,722.94
2017-08-12,667.73
2017-08-13,624.36
2017-08-14,705.12
2017-08-15,667.48
2017-08-16,750.78
2017-08-17,769.22
2017-08-18,781.71
2017-08-19,712.99
2017-08-20,663.33
2017-08-21,781.8
2017-08-22,803.19
2017-08-23,805.16
2017-08-24,801.84
2017-08-25,794.66
2017-08-26,722.12
2017-08-27,660.17
2017-08-28,769.34
2017-08-29,769.06
2017-08-30,756.95
2017-08-31,758.17
2017-09-01,745.64
2017-09-02,670.57
2017-09-03,625.27
2017-09-04,751.84
2017-09-05,789.34
2017-09-06,795.95
2017-09-07,787.4
2017-09-08,757.99
2017-09-09,674.35
2017-09-10,609.04
2017-09-11,709.09
2017-09-12,751.79
2017-09-13,764.65
2017-09-14,768.17
2017-09-15,734.72
2017-09-16,650.1
2017-09-17,599.3
2017-09-18,712.36
2017-09-19,734.77
2017-09-20,735.5
2017-09-21,737.58
2017-09-22,737.99
2017-09-23,661.61
2017-09-24,611.77
2017-09-25,726.4
2017-09-26,742.54
2017-09-27,743.37
2017-09-28,742.94
2017-09-29,740.25
2017-09-30,663.77
2017-10-01,608.9
2017-10-02,729.77
2017-10-03,734.09
2017-10-04,751.87
2017-10-05,754.74
2017-10-06,751.31
2017-10-07,659.22
2017-10-08,605.65
2017-10-09,706.35
2017-10-10,732.2
2017-10-11,730.09
2017-10-12,628.21
2017-10-13,675.21
2017-10-14,643.44
2017-10-15,601.04
2017-10-16,718.35
2017-10-17,731.64
2017-10-18,730.29
2017-10-19,719.56
2017-10-20,719.1
2017-10-21,646.74
2017-10-22,591.49
2017-10-23,705.18
2017-10-24,725.53
2017-10-25,729.92
2017-10-26,724.88
2017-10-27,722.32
2017-10-28,642.18
2017-10-29,614.27
2017-10-30,707.17
2017-10-31,718.19
2017-11-01,615.92
2017-11-02,707.92
2017-11-03,719.46
2017-11-04,645.82
2017-11-05,597.69
2017-11-06,716.97
2017-11-07,744.82
2017-11-08,759.91
2017-11-09,759.86
2017-11-10,764.53
2017-11-11,683.02
2017-11-12,630.57
2017-11-13,754.68
2017-11-14,783.84
2017-11-15,789.16
2017-11-16,787.29
2017-11-17,779.09
2017-11-18,698.08
2017-11-19,645.37
2017-11-20,768.72
2017-11-21,788.66
2017-11-22,794.65
2017-11-23,782.34
2017-11-24,772.04
2017-11-25,699.83
2017-11-26,651.68
2017-11-27,785.8
2017-11-28,809.69
2017-11-29,815.68
2017-11-30,820.64
2017-12-01,831.44
2017-12-02,764.72
2017-12-03,715.94
2017-12-04,838.13
2017-12-05,848.16
2017-12-06,756.36
2017-12-07,782.69
2017-12-08,719.5
2017-12-09,717.69
2017-12-10,684.9
2017-12-11,802.34
2017-12-12,825.19
2017-12-13,839.03
2017-12-14,829.23
2017-12-15,803.12
2017-12-16,727.26
2017-12-17,694.71
2017-12-18,829.58
2017-12-19,832.82
2017-12-20,834.76
2017-12-21,819.41
2017-12-22,792.96
2017-12-23,702.85
2017-12-24,642.91
2017-12-25,595.6
2017-12-26,701.44
2017-12-27,741.63
2017-12-28,736.36
2017-12-29,715.14
2017-12-30,652.29
2017-12-31,618.26
2018-01-01,574.64
2018-01-02,724.55
2018-01-03,753.2
2018-01-04,752.39
2018-01-05,724.1
2018-01-06,639.71
2018-01-07,672.06
2018-01-08,817.3
2018-01-09,854.75
2018-01-10,837.8
2018-01-11,834.71
2018-01-12,831.79
2018-01-13,760.64
2018-01-14,708.62
2018-01-15,835.1
2018-01-16,833.39
2018-01-17,817.52
2018-01-18,817.6
2018-01-19,812.55
2018-01-20,725.93
2018-01-21,665.34
2018-01-22,776.93
2018-01-23,792.22
2018-01-24,795.27
2018-01-25,808.31
2018-01-26,820.24
2018-01-27,737.56
2018-01-28,684.4
2018-01-29,793.99
2018-01-30,811.8
2018-01-31,809.9
2018-02-01,828.99
2018-02-02,836.72
2018-02-03,755.61
2018-02-04,719.53
2018-02-05,852.38
2018-02-06,864.74
2018-02-07,873.75
2018-02-08,880.07
2018-02-09,873.28
2018-02-10,774.76
2018-02-11,706.77
2018-02-12,833.33
2018-02-13,852.67
2018-02-14,845.12
2018-02-15,818.99
2018-02-16,799.33
2018-02-17,713.85
2018-02-18,670.07
2018-02-19,788.77
2018-02-20,796.99
2018-02-21,802.82
2018-02-22,816.41
2018-02-23,822.01
2018-02-24,738.32
2018-02-25,682.06
2018-02-26,809.19
2018-02-27,854.24
2018-02-28,838.16
2018-03-01,828.81
2018-03-02,828.42
2018-03-03,718.2
2018-03-04,661.69
2018-03-05,792.16
2018-03-06,808.97
2018-03-07,802.37
2018-03-08,795.96
2018-03-09,786.75
2018-03-10,695.13
2018-03-11,650.66
2018-03-12,768.12
2018-03-13,783.57
2018-03-14,792.97
2018-03-15,786.82
2018-03-16,779.14
2018-03-17,712.3
2018-03-18,660.91
2018-03-19,780.04
2018-03-20,830.95
2018-03-21,828.24
2018-03-22,816.8
2018-03-23,814.75
2018-03-24,737.44
2018-03-25,647.15
2018-03-26,775.54
2018-03-27,765.77
2018-03-28,739.89
2018-03-29,657.91
2018-03-30,617.09
2018-03-31,637.01
2018-04-01,602.22
2018-04-02,663.78
2018-04-03,738.28
2018-04-04,750.81
2018-04-05,737.61
2018-04-06,742.67
2018-04-07,680.42
2018-04-08,627.28
2018-04-09,744.28
2018-04-10,787.84
2018-04-11,792.55
2018-04-12,782.94
2018-04-13,777.83
2018-04-14,684.51
2018-04-15,629.48
2018-04-16,739.32
2018-04-17,739.51
2018-04-18,729.3
2018-04-19,720.95
2018-04-20,716.01
2018-04-21,646.18
2018-04-22,595.07
2018-04-23,691.15
2018-04-24,717.38
2018-04-25,724.56
2018-04-26,720.4
2018-04-27,715.25
2018-04-28,640.82
2018-04-29,592.22
2018-04-30,657.47
2018-05-01,595.26
2018-05-02,696.77
2018-05-03,726.98
2018-05-04,727.9
2018-05-05,652.25
2018-05-06,594.58
2018-05-07,705.7
2018-05-08,722.72
2018-05-09,721.93
2018-05-10,721.92
2018-05-11,717.4
2018-05-12,646.62
2018-05-13,596.05
2018-05-14,702.29
2018-05-15,712.36
2018-05-16,723.16
2018-05-17,719.35
2018-05-18,716.46
2018-05-19,645.62
2018-05-20,592.73
2018-05-21,689.2
2018-05-22,717.86
2018-05-23,727.97
2018-05-24,728.58
2018-05-25,722.24
2018-05-26,644.83
2018-05-27,591.74
2018-05-28,702.76
2018-05-29,719.29
2018-05-30,714.53
2018-05-31,711.26
2018-06-01,709.53
2018-06-02,639.55
2018-06-03,585.01
2018-06-04,700.23
2018-06-05,720.42
2018-06-06,718.52
2018-06-07,717.19
2018-06-08,718.52
2018-06-09,645.0
2018-06-10,594.32
2018-06-11,708.89
2018-06-12,730.83
2018-06-13,737.64
2018-06-14,738.23
2018-06-15,737.41
2018-06-16,672.51
2018-06-17,623.65
2018-06-18,744.57
2018-06-19,768.74
2018-06-20,781.68
2018-06-21,790.76
2018-06-22,792.86
2018-06-23,714.07
2018-06-24,656.34
2018-06-25,782.99
2018-06-26,803.4
2018-06-27,802.36
2018-06-28,793.18
2018-06-29,778.65
2018-06-30,706.08
2018-07-01,647.05
2018-07-02,762.83
2018-07-03,793.14
2018-07-04,788.16
2018-07-05,784.17
2018-07-06,781.89
2018-07-07,708.62
2018-07-08,655.06
2018-07-09,800.6
2018-07-10,822.68
2018-07-11,816.71
2018-07-12,808.18
2018-07-13,801.06
2018-07-14,717.27
2018-07-15,652.82
2018-07-16,770.53
2018-07-17,800.35
2018-07-18,809.58
2018-07-19,811.53
2018-07-20,801.55
2018-07-21,705.94
2018-07-22,642.23
2018-07-23,783.08
2018-07-24,809.66
2018-07-25,800.8
2018-07-26,809.23
2018-07-27,805.06
2018-07-28,723.73
2018-07-29,662.11
2018-07-30,782.77
2018-07-31,803.37
2018-08-01,829.9
2018-08-02,849.47
2018-08-03,858.59
2018-08-04,768.55
2018-08-05,710.96
2018-08-06,832.31
2018-08-07,836.09
2018-08-08,815.84
2018-08-09,791.07
2018-08-10,767.2
2018-08-11,709.37
2018-08-12,667.33
2018-08-13,748.05
2018-08-14,747.6
2018-08-15,668.16
2018-08-16,729.3
2018-08-17,718.85
2018-08-18,659.03
2018-08-19,624.76
2018-08-20,739.51
2018-08-21,768.26
2018-08-22,778.1
2018-08-23,777.97
2018-08-24,773.35
2018-08-25,697.14
2018-08-26,643.38
2018-08-27,782.72
2018-08-28,810.45
2018-08-29,806.29
2018-08-30,803.96
2018-08-31,796.37
2018-09-01,715.32
2018-09-02,670.59
2018-09-03,790.77
2018-09-04,800.27
2018-09-05,793.54
2018-09-06,778.61
2018-09-07,763.97
2018-09-08,669.15
2018-09-09,619.85
2018-09-10,725.66
2018-09-11,734.62
2018-09-12,778.18
2018-09-13,784.51
2018-09-14,778.2
2018-09-15,684.2
2018-09-16,632.4
2018-09-17,759.81
2018-09-18,777.7
2018-09-19,784.46
2018-09-20,790.75
2018-09-21,784.51
2018-09-22,705.95
2018-09-23,654.54
2018-09-24,776.1
2018-09-25,783.31
2018-09-26,776.59
2018-09-27,765.19
2018-09-28,755.48
2018-09-29,670.9
2018-09-30,617.46
2018-10-01,733.63
2018-10-02,736.95
2018-10-03,740.19
2018-10-04,742.06
2018-10-05,731.11
2018-10-06,656.27
2018-10-07,603.98
2018-10-08,700.56
2018-10-09,706.8
2018-10-10,721.07
2018-10-11,720.24
2018-10-12,620.44
2018-10-13,622.56
2018-10-14,596.3
2018-10-15,696.56
2018-10-16,716.39
2018-10-17,723.75
2018-10-18,724.44
2018-10-19,715.11
2018-10-20,639.52
2018-10-21,593.18
2018-10-22,701.06
2018-10-23,717.89
2018-10-24,717.28
2018-10-25,715.27
2018-10-26,716.59
2018-10-27,646.6
2018-10-28,631.0
2018-10-29,744.34
2018-10-30,776.33
2018-10-31,772.18
2018-11-01,657.04
2018-11-02,698.9
2018-11-03,661.35
2018-11-04,629.52
2018-11-05,755.62
2018-11-06,776.76
2018-11-07,775.76
2018-11-08,777.49
2018-11-09,764.55
2018-11-10,685.49
2018-11-11,628.67
2018-11-12,743.6
2018-11-13,753.42
2018-11-14,752.41
2018-11-15,750.39
2018-11-16,745.39
2018-11-17,667.01
2018-11-18,631.31
2018-11-19,750.87
2018-11-20,776.25
2018-11-21,781.66
2018-11-22,787.44
2018-11-23,781.4
2018-11-24,703.45
2018-11-25,656.29
2018-11-26,779.62
2018-11-27,796.22
2018-11-28,797.68
2018-11-29,800.28
2018-11-30,788.56
2018-12-01,709.87
2018-12-02,658.91
2018-12-03,767.97
2018-12-04,774.49
2018-12-05,770.7
2018-12-06,676.37
2018-12-07,707.33
2018-12-08,660.86
2018-12-09,642.49
2018-12-10,767.37
2018-12-11,792.46
2018-12-12,800.93
2018-12-13,811.19
2018-12-14,800.81
2018-12-15,720.3
2018-12-16,675.98
2018-12-17,798.88
2018-12-18,822.74
2018-12-19,806.39
2018-12-20,796.74
2018-12-21,772.84
2018-12-22,689.27
2018-12-23,648.51
2018-12-24,647.9
2018-12-25,567.42
2018-12-26,672.88
2018-12-27,721.46
2018-12-28,722.36
2018-12-29,674.03
2018-12-30,638.51
2018-12-31,655.18
2019-01-01,582.95
2019-01-02,742.2
2019-01-03,787.76
2019-01-04,796.01
2019-01-05,721.03
2019-01-06,661.77
2019-01-07,764.92
2019-01-08,844.56
2019-01-09,846.15
2019-01-10,857.32
2019-01-11,867.18
2019-01-12,775.17
2019-01-13,722.27
2019-01-14,835.75
2019-01-15,846.25
2019-01-16,847.91
2019-01-17,849.88
2019-01-18,848.78
2019-01-19,766.54
2019-01-20,705.58
2019-01-21,828.41
2019-01-22,864.86
2019-01-23,854.46
2019-01-24,837.08
2019-01-25,815.35
2019-01-26,724.21
2019-01-27,678.25
2019-01-28,807.64
2019-01-29,832.62
2019-01-30,829.79
2019-01-31,823.51
2019-02-01,811.41
2019-02-02,739.15
2019-02-03,696.03
2019-02-04,827.87
2019-02-05,826.26
2019-02-06,813.53
2019-02-07,805.45
2019-02-08,799.02
2019-02-09,719.4
2019-02-10,672.45
2019-02-11,781.69
2019-02-12,799.14
2019-02-13,797.84
2019-02-14,794.3
2019-02-15,790.64
2019-02-16,706.49
2019-02-17,656.69
2019-02-18,779.65
2019-02-19,790.0
2019-02-20,785.63
2019-02-21,781.14
2019-02-22,771.08
2019-02-23,689.18
2019-02-24,637.45
2019-02-25,750.83
2019-02-26,759.7
2019-02-27,756.32
2019-02-28,742.21
2019-03-01,747.74
2019-03-02,670.24
2019-03-03,621.45
2019-03-04,729.81
2019-03-05,745.16
2019-03-06,767.46
2019-03-07,758.18
2019-03-08,748.57
2019-03-09,671.32
2019-03-10,617.76
2019-03-11,726.45
2019-03-12,743.16
2019-03-13,753.37
2019-03-14,753.98
2019-03-15,738.75
2019-03-16,660.07
2019-03-17,610.23
2019-03-18,708.12
2019-03-19,707.25
2019-03-20,755.63
2019-03-21,758.93
2019-03-22,749.14
2019-03-23,669.63
2019-03-24,611.82
2019-03-25,717.07
2019-03-26,732.4
2019-03-27,735.31
2019-03-28,736.12
2019-03-29,733.69
2019-03-30,661.27
2019-03-31,595.46
2019-04-01,728.85
2019-04-02,740.72
2019-04-03,743.73
2019-04-04,746.53
2019-04-05,758.88
2019-04-06,683.35
2019-04-07,635.74
2019-04-08,745.95
2019-04-09,762.51
2019-04-10,759.37
2019-04-11,754.59
2019-04-12,737.5
2019-04-13,658.75
2019-04-14,606.72
2019-04-15,705.65
2019-04-16,712.91
2019-04-17,706.9
2019-04-18,633.65
2019-04-19,584.93
2019-04-20,598.28
2019-04-21,575.85
2019-04-22,622.89
2019-04-23,691.44
2019-04-24,737.86
2019-04-25,739.95
2019-04-26,722.35
2019-04-27,641.48
2019-04-28,580.03
2019-04-29,681.64
2019-04-30,693.19
2019-05-01,588.78
2019-05-02,674.32
2019-05-03,696.47
2019-05-04,634.77
2019-05-05,585.51
2019-05-06,691.9
2019-05-07,715.28
2019-05-08,720.38
2019-05-09,719.68
2019-05-10,714.71
2019-05-11,642.89
2019-05-12,589.07
2019-05-13,693.19
2019-05-14,716.09
2019-05-15,714.4
2019-05-16,723.61
2019-05-17,708.07
2019-05-18,633.58
2019-05-19,588.76
2019-05-20,693.27
2019-05-21,712.27
2019-05-22,720.42
2019-05-23,721.03
2019-05-24,717.69
2019-05-25,641.71
2019-05-26,586.3
2019-05-27,703.43
2019-05-28,723.79
2019-05-29,722.53
2019-05-30,719.64
2019-05-31,720.75
2019-06-01,657.11
2019-06-02,610.14
2019-06-03,727.2
2019-06-04,743.8
2019-06-05,728.01
2019-06-06,718.99
2019-06-07,716.15
2019-06-08,649.11
2019-06-09,598.27
2019-06-10,692.99
2019-06-11,717.61
2019-06-12,721.69
2019-06-13,725.14
2019-06-14,720.7
2019-06-15,649.83
2019-06-16,600.85
2019-06-17,714.63
2019-06-18,736.9
2019-06-19,741.91
2019-06-20,735.49
2019-06-21,732.8
2019-06-22,672.99
2019-06-23,623.38
2019-06-24,688.0
2019-06-25,765.22
2019-06-26,792.83
2019-06-27,807.88
2019-06-28,821.15
2019-06-29,751.72
2019-06-30,696.47
2019-07-01,805.06
2019-07-02,817.75
2019-07-03,814.77
2019-07-04,813.93
2019-07-05,816.02
2019-07-06,738.4
2019-07-07,686.38
2019-07-08,783.3
2019-07-09,782.1
2019-07-10,792.72
2019-07-11,821.25
2019-07-12,828.88
2019-07-13,739.07
2019-07-14,667.29
2019-07-15,796.03
2019-07-16,810.26
2019-07-17,805.41
2019-07-18,808.12
2019-07-19,818.25
2019-07-20,744.17
2019-07-21,691.9
2019-07-22,836.08
2019-07-23,857.7
2019-07-24,860.19
2019-07-25,835.23
2019-07-26,809.65
2019-07-27,705.76
2019-07-28,639.05
2019-07-29,759.98
2019-07-30,773.82
2019-07-31,765.48
2019-08-01,789.33
2019-08-02,784.39
2019-08-03,706.07
2019-08-04,659.37
2019-08-05,772.35
2019-08-06,793.04
2019-08-07,787.71
2019-08-08,795.64
2019-08-09,795.45
2019-08-10,716.32
2019-08-11,651.89
2019-08-12,712.39
2019-08-13,713.4
2019-08-14,722.74
2019-08-15,661.42
2019-08-16,715.9
2019-08-17,692.64
2019-08-18,652.16
2019-08-19,750.07
2019-08-20,750.47
2019-08-21,743.51
2019-08-22,746.79
2019-08-23,746.32
2019-08-24,685.69
2019-08-25,640.38
2019-08-26,753.0
2019-08-27,748.33
2019-08-28,759.4
2019-08-29,778.17
2019-08-30,782.46
2019-08-31,704.12
2019-09-01,658.28
2019-09-02,772.04
2019-09-03,796.49
2019-09-04,802.74
2019-09-05,785.23
2019-09-06,759.84
2019-09-07,677.24
2019-09-08,625.56
2019-09-09,725.54
2019-09-10,731.01
2019-09-11,699.25
2019-09-12,720.18
2019-09-13,711.0
2019-09-14,639.59
2019-09-15,600.8
2019-09-16,722.11
2019-09-17,745.33
2019-09-18,749.44
2019-09-19,750.41
2019-09-20,742.55
2019-09-21,662.31
2019-09-22,607.0
2019-09-23,708.01
2019-09-24,727.73
2019-09-25,738.03
2019-09-26,739.15
2019-09-27,734.43
2019-09-28,653.67
2019-09-29,597.64
2019-09-30,715.11
2019-10-01,741.44
2019-10-02,733.75
2019-10-03,722.4
2019-10-04,719.06
2019-10-05,639.97
2019-10-06,595.82
2019-10-07,706.81
2019-10-08,729.65
2019-10-09,718.31
2019-10-10,725.77
2019-10-11,717.34
2019-10-12,624.56
2019-10-13,591.91
2019-10-14,708.97
2019-10-15,707.95
2019-10-16,711.48
2019-10-17,712.87
2019-10-18,702.01
2019-10-19,638.52
2019-10-20,590.25
2019-10-21,698.01
2019-10-22,728.67
2019-10-23,731.46
2019-10-24,729.55
2019-10-25,721.0
2019-10-26,639.53
2019-10-27,617.9
2019-10-28,705.52
2019-10-29,720.76
2019-10-30,716.81
2019-10-31,706.78
2019-11-01,610.34
2019-11-02,613.09
2019-11-03,585.75
2019-11-04,701.35
2019-11-05,723.92
2019-11-06,726.8
2019-11-07,738.9
2019-11-08,747.1
2019-11-09,674.8
2019-11-10,628.62
2019-11-11,757.56
2019-11-12,773.52
2019-11-13,776.83
2019-11-14,794.54
2019-11-15,794.4
2019-11-16,712.52
2019-11-17,673.22
2019-11-18,784.19
2019-11-19,810.15
2019-11-20,821.58
2019-11-21,815.72
2019-11-22,812.86
2019-11-23,706.6
2019-11-24,657.97
2019-11-25,774.03
2019-11-26,785.75
2019-11-27,774.55
2019-11-28,776.06
2019-11-29,758.25
2019-11-30,686.81
2019-12-01,649.03
2019-12-02,776.16
2019-12-03,794.07
2019-12-04,802.72
2019-12-05,797.19
2019-12-06,687.01
2019-12-07,677.75
2019-12-08,653.01
2019-12-09,731.5
2019-12-10,794.42
2019-12-11,810.11
2019-12-12,825.12
2019-12-13,793.68
2019-12-14,703.96
2019-12-15,660.22
2019-12-16,780.3
2019-12-17,786.95
2019-12-18,792.26
2019-12-19,793.73
2019-12-20,757.48
2019-12-21,666.82
2019-12-22,621.19
2019-12-23,675.58
2019-12-24,622.15
2019-12-25,541.45
2019-12-26,632.22
2019-12-27,674.15
2019-12-28,646.96
2019-12-29,617.27
2019-12-30,689.97
2019-12-31,656.51
2020-01-01,574.78
2020-01-02,723.52
2020-01-03,754.65
2020-01-04,702.39
2020-01-05,651.97
2020-01-06,630.26
2020-01-07,789.03
2020-01-08,820.14
2020-01-09,820.77
2020-01-10,814.76
2020-01-11,732.53
2020-01-12,693.45
2020-01-13,829.16
2020-01-14,844.42
2020-01-15,832.91
2020-01-16,822.83
2020-01-17,807.65
2020-01-18,729.67
2020-01-19,689.82
2020-01-20,846.11
2020-01-21,862.13
2020-01-22,841.71
2020-01-23,829.43
2020-01-24,821.14
2020-01-25,734.27
2020-01-26,676.37
2020-01-27,807.62
2020-01-28,807.0
2020-01-29,792.16
2020-01-30,778.2
2020-01-31,765.45
2020-02-01,681.47
2020-02-02,625.02
2020-02-03,729.33
2020-02-04,747.89
2020-02-05,758.99
2020-02-06,769.75
2020-02-07,772.49
2020-02-08,698.2
2020-02-09,646.79
2020-02-10,749.5
2020-02-11,761.01
2020-02-12,766.56
2020-02-13,759.53
2020-02-14,753.95
2020-02-15,675.83
2020-02-16,625.45
2020-02-17,739.8
2020-02-18,766.37
2020-02-19,764.94
2020-02-20,763.65
2020-02-21,753.74
2020-02-22,672.07
2020-02-23,620.87
2020-02-24,730.83
2020-02-25,743.82
2020-02-26,753.41
2020-02-27,751.14
2020-02-28,728.29
2020-02-29,670.26
2020-03-01,626.87
2020-03-02,741.3
2020-03-03,769.32
2020-03-04,759.06
2020-03-05,754.37
2020-03-06,758.0
2020-03-07,683.53
2020-03-08,630.44
2020-03-09,740.42
2020-03-10,747.57
2020-03-11,742.56
2020-03-12,738.09
2020-03-13,729.77
2020-03-14,646.5
2020-03-15,600.44
2020-03-16,704.12
2020-03-17,706.05
2020-03-18,684.8
2020-03-19,641.99
2020-03-20,647.06
2020-03-21,612.49
2020-03-22,583.51
2020-03-23,653.56
2020-03-24,663.82
2020-03-25,664.64
2020-03-26,661.34
2020-03-27,667.34
2020-03-28,605.62
2020-03-29,540.52
2020-03-30,611.0
2020-03-31,610.65
2020-04-01,599.88
2020-04-02,599.32
2020-04-03,584.68
2020-04-04,543.0
2020-04-05,519.59
2020-04-06,568.14
2020-04-07,567.08
2020-04-08,555.03
2020-04-09,529.82
2020-04-10,510.44
2020-04-11,518.23
2020-04-12,501.62
2020-04-13,537.82
2020-04-14,584.02
2020-04-15,604.35
2020-04-16,604.52
2020-04-17,598.7
2020-04-18,552.91
2020-04-19,520.12
2020-04-20,585.33
2020-04-21,608.88
2020-04-22,608.02
2020-04-23,599.6
2020-04-24,594.66
2020-04-25,556.04
2020-04-26,522.37
2020-04-27,590.58
2020-04-28,601.2
2020-04-29,600.23
2020-04-30,594.71
2020-05-01,525.34
2020-05-02,529.33
2020-05-03,509.37
2020-05-04,585.88
2020-05-05,607.12
2020-05-06,610.2
2020-05-07,604.62
2020-05-08,597.18
2020-05-09,547.08
2020-05-10,513.4
2020-05-11,591.35
2020-05-12,617.48
2020-05-13,617.4
2020-05-14,620.56
2020-05-15,608.95
2020-05-16,555.67
2020-05-17,519.6
2020-05-18,596.67
2020-05-19,615.05
2020-05-20,622.45
2020-05-21,630.17
2020-05-22,634.36
2020-05-23,582.9
2020-05-24,542.17
2020-05-25,627.47
2020-05-26,642.99
2020-05-27,644.71
2020-05-28,642.01
2020-05-29,641.57
2020-05-30,583.38
2020-05-31,541.66
2020-06-01,627.33
2020-06-02,653.4
2020-06-03,662.45
2020-06-04,651.3
2020-06-05,640.91
2020-06-06,582.67
2020-06-07,540.39
2020-06-08,625.76
2020-06-09,643.6
2020-06-10,653.73
2020-06-11,653.62
2020-06-12,645.92
2020-06-13,581.09
2020-06-14,543.3
2020-06-15,644.0
2020-06-16,656.82
2020-06-17,661.15
2020-06-18,662.01
2020-06-19,657.68
2020-06-20,608.25
2020-06-21,572.81
2020-06-22,682.96
2020-06-23,706.61
2020-06-24,668.2
2020-06-25,711.84
2020-06-26,702.22
2020-06-27,638.13
2020-06-28,604.14
2020-06-29,723.95
2020-06-30,752.3
2020-07-01,763.36
2020-07-02,765.79
2020-07-03,735.36
2020-07-04,660.71
2020-07-05,626.33
2020-07-06,757.3
2020-07-07,780.53
2020-07-08,784.57
2020-07-09,771.13
2020-07-10,758.88
2020-07-11,690.7
2020-07-12,633.14
2020-07-13,752.65
2020-07-14,760.46
2020-07-15,756.75
2020-07-16,763.07
2020-07-17,760.18
2020-07-18,688.72
2020-07-19,644.52
2020-07-20,769.33
2020-07-21,785.56
2020-07-22,776.67
2020-07-23,789.63
2020-07-24,789.09
2020-07-25,704.27
2020-07-26,664.18
2020-07-27,794.29
2020-07-28,814.34
2020-07-29,817.49
2020-07-30,825.28
2020-07-31,810.17
2020-08-01,738.27
2020-08-02,673.9
2020-08-03,747.51
2020-08-04,751.12
2020-08-05,764.13
2020-08-06,776.47
2020-08-07,775.39
2020-08-08,700.78
2020-08-09,657.27
2020-08-10,738.07
2020-08-11,734.5
2020-08-12,712.42
2020-08-13,716.22
2020-08-14,710.59
2020-08-15,631.29
2020-08-16,591.66
2020-08-17,683.92
2020-08-18,708.89
2020-08-19,725.68
2020-08-20,729.68
2020-08-21,739.08
2020-08-22,676.81
2020-08-23,625.38
2020-08-24,733.32
2020-08-25,772.38
2020-08-26,791.66
2020-08-27,797.89
2020-08-28,773.44
2020-08-29,635.87
2020-08-30,572.31
2020-08-31,679.21
2020-09-01,700.21
2020-09-02,711.1
2020-09-03,719.01
2020-09-04,724.58
2020-09-05,653.58
2020-09-06,604.08
2020-09-07,696.26
2020-09-08,698.1
2020-09-09,718.08
2020-09-10,721.37
2020-09-11,698.31
2020-09-12,649.17
2020-09-13,605.49
2020-09-14,718.98
2020-09-15,740.29
2020-09-16,751.56
2020-09-17,740.76
2020-09-18,713.83
2020-09-19,627.33
2020-09-20,574.17
2020-09-21,683.42
2020-09-22,703.84
2020-09-23,712.81
2020-09-24,713.0
2020-09-25,691.79
2020-09-26,614.31
2020-09-27,568.77
2020-09-28,666.56
2020-09-29,686.8
2020-09-30,690.96
2020-10-01,700.92
2020-10-02,698.4
2020-10-03,612.17
2020-10-04,571.64
2020-10-05,673.48
2020-10-06,690.89
2020-10-07,699.61
2020-10-08,699.22
2020-10-09,679.81
2020-10-10,614.33
2020-10-11,563.49
2020-10-12,570.7
2020-10-13,673.78
2020-10-14,703.01
2020-10-15,709.58
2020-10-16,704.02
2020-10-17,631.93
2020-10-18,583.35
2020-10-19,687.15
2020-10-20,711.71
2020-10-21,707.16
2020-10-22,710.36
2020-10-23,696.84
2020-10-24,625.38
2020-10-25,606.31
2020-10-26,689.55
2020-10-27,714.66
2020-10-28,715.71
2020-10-29,715.28
2020-10-30,704.73
2020-10-31,628.29
2020-11-01,575.08
2020-11-02,647.09
2020-11-03,706.15
2020-11-04,728.81
2020-11-05,724.77
2020-11-06,710.62
2020-11-07,635.07
2020-11-08,585.65
2020-11-09,688.06
2020-11-10,711.59
2020-11-11,718.17
2020-11-12,717.88
2020-11-13,713.26
2020-11-14,641.47
2020-11-15,585.95
2020-11-16,693.24
2020-11-17,712.86
2020-11-18,718.21
2020-11-19,718.3
2020-11-20,716.67
2020-11-21,645.09
2020-11-22,605.99
2020-11-23,728.19
2020-11-24,757.5
2020-11-25,765.27
2020-11-26,766.69
2020-11-27,751.49
2020-11-28,667.63
2020-11-29,624.73
2020-11-30,737.07
2020-12-01,753.62
2020-12-02,768.63
2020-12-03,784.32
2020-12-04,790.38
2020-12-05,723.63
2020-12-06,676.3
2020-12-07,712.66
2020-12-08,693.43
2020-12-09,804.02
2020-12-10,807.77
2020-12-11,783.77
2020-12-12,686.51
2020-12-13,644.29
2020-12-14,759.52
2020-12-15,766.79
2020-12-16,780.35
2020-12-17,778.47
2020-12-18,776.17
2020-12-19,697.95
2020-12-20,646.84
2020-12-21,750.41
2020-12-22,750.08
2020-12-23,727.71
2020-12-24,643.65
2020-12-25,570.77
2020-12-26,635.76
2020-12-27,646.7
2020-12-28,724.36
2020-12-29,732.12
2020-12-30,734.28
2020-12-31,687.72
2021-01-01,608.72
2021-01-02,680.43
2021-01-03,684.49
2021-01-04,793.63
2021-01-05,806.59
2021-01-06,700.14
2021-01-07,854.32
2021-01-08,872.36
2021-01-09,773.3
2021-01-10,735.65
2021-01-11,851.74
2021-01-12,875.12
2021-01-13,874.91
2021-01-14,873.58
2021-01-15,859.36
2021-01-16,765.0
2021-01-17,708.97
2021-01-18,827.62
2021-01-19,846.12
2021-01-20,850.3
2021-01-21,817.65
2021-01-22,794.51
2021-01-23,719.51
2021-01-24,655.03
2021-01-25,775.16
2021-01-26,770.8
2021-01-27,753.32
2021-01-28,744.1
2021-01-29,733.18
2021-01-30,672.21
2021-01-31,631.68
2021-02-01,725.31
2021-02-02,742.02
2021-02-03,744.03
2021-02-04,742.41
2021-02-05,742.18
2021-02-06,673.2
2021-02-07,635.18
2021-02-08,757.81
2021-02-09,789.36
2021-02-10,767.89
2021-02-11,757.95
2021-02-12,744.94
2021-02-13,664.03
2021-02-14,627.38
2021-02-15,743.81
2021-02-16,751.45
2021-02-17,752.7
2021-02-18,754.96
2021-02-19,749.03
2021-02-20,667.79
2021-02-21,636.82
2021-02-22,743.32
2021-02-23,750.93
2021-02-24,747.39
2021-02-25,744.81
2021-02-26,740.02
2021-02-27,664.28
2021-02-28,621.17
2021-03-01,730.8
2021-03-02,749.84
2021-03-03,744.17
2021-03-04,740.27
2021-03-05,735.72
2021-03-06,658.45
2021-03-07,622.69
2021-03-08,742.94
2021-03-09,758.35
2021-03-10,750.8
2021-03-11,739.48
2021-03-12,729.09
2021-03-13,646.3
2021-03-14,606.54
2021-03-15,719.29
2021-03-16,732.01
2021-03-17,729.78
2021-03-18,741.47
2021-03-19,706.04
2021-03-20,670.5
2021-03-21,630.1
2021-03-22,735.08
2021-03-23,739.44
2021-03-24,731.62
2021-03-25,726.35
2021-03-26,719.33
2021-03-27,648.47
2021-03-28,571.64
2021-03-29,691.56
2021-03-30,695.26
2021-03-31,679.69
2021-04-01,603.78
2021-04-02,558.14
2021-04-03,577.88
2021-04-04,551.35
2021-04-05,604.04
2021-04-06,678.94
2021-04-07,706.83
2021-04-08,711.27
2021-04-09,713.79
2021-04-10,641.31
2021-04-11,594.07
2021-04-12,692.94
2021-04-13,717.4
2021-04-14,716.65
2021-04-15,722.24
2021-04-16,713.58
2021-04-17,642.87
2021-04-18,593.29
2021-04-19,697.83
2021-04-20,709.79
2021-04-21,710.85
2021-04-22,713.24
2021-04-23,685.4
2021-04-24,620.32
2021-04-25,584.85
2021-04-26,689.25
2021-04-27,703.09
2021-04-28,698.34
2021-04-29,697.92
2021-04-30,688.96
2021-05-01,577.47
2021-05-02,559.17
2021-05-03,667.37
2021-05-04,690.0
2021-05-05,690.65
2021-05-06,689.03
2021-05-07,681.4
2021-05-08,612.8
2021-05-09,573.95
2021-05-10,672.52
2021-05-11,690.26
2021-05-12,696.4
2021-05-13,695.28
2021-05-14,688.4
2021-05-15,622.86
2021-05-16,580.58
2021-05-17,668.88
2021-05-18,696.79
2021-05-19,698.17
2021-05-20,697.76
2021-05-21,691.97
2021-05-22,621.63
2021-05-23,574.18
2021-05-24,659.03
2021-05-25,687.45
2021-05-26,692.34
2021-05-27,694.59
2021-05-28,687.22
2021-05-29,625.58
2021-05-30,579.61
2021-05-31,683.33
2021-06-01,696.05
2021-06-02,700.51
2021-06-03,698.6
2021-06-04,692.97
2021-06-05,622.99
2021-06-06,576.74
2021-06-07,687.69
2021-06-08,719.31
2021-06-09,728.0
2021-06-10,739.16
2021-06-11,732.77
2021-06-12,663.41
2021-06-13,616.21
2021-06-14,737.9
2021-06-15,759.44
2021-06-16,755.3
2021-06-17,732.97
2021-06-18,720.62
2021-06-19,646.91
2021-06-20,594.44
2021-06-21,695.31
2021-06-22,710.4
2021-06-23,701.34
2021-06-24,667.38
2021-06-25,694.49
2021-06-26,651.12
2021-06-27,606.94
2021-06-28,706.51
2021-06-29,727.91
2021-06-30,744.98
2021-07-01,745.65
2021-07-02,751.07
2021-07-03,686.75
2021-07-04,645.2
2021-07-05,756.48
2021-07-06,765.52
2021-07-07,749.5
2021-07-08,743.14
2021-07-09,749.36
2021-07-10,698.5
2021-07-11,662.58
2021-07-12,763.11
2021-07-13,739.89
2021-07-14,742.63
2021-07-15,749.38
2021-07-16,755.79
2021-07-17,703.59
2021-07-18,657.13
2021-07-19,770.18
2021-07-20,786.06
2021-07-21,796.39
2021-07-22,807.66
2021-07-23,801.29
2021-07-24,708.88
2021-07-25,647.41
2021-07-26,741.79
2021-07-27,764.66
2021-07-28,777.47
2021-07-29,786.05
2021-07-30,780.54
2021-07-31,688.6
2021-08-01,610.03
2021-08-02,692.3
2021-08-03,716.48
2021-08-04,726.93
2021-08-05,737.22
2021-08-06,733.4
2021-08-07,676.41
2021-08-08,615.0
2021-08-09,688.28
2021-08-10,712.41
2021-08-11,735.97
2021-08-12,755.61
2021-08-13,762.76
2021-08-14,734.16
2021-08-15,692.75
2021-08-16,734.68
2021-08-17,734.16
2021-08-18,729.66
2021-08-19,723.09
2021-08-20,723.17
2021-08-21,680.18
2021-08-22,642.55
2021-08-23,740.22
2021-08-24,749.61
2021-08-25,738.21
2021-08-26,746.46
2021-08-27,752.0
2021-08-28,680.13
2021-08-29,625.71
2021-08-30,722.45
2021-08-31,747.81
2021-09-01,746.41
2021-09-02,733.29
2021-09-03,731.07
2021-09-04,661.11
2021-09-05,625.95
2021-09-06,750.94
2021-09-07,778.33
2021-09-08,758.83
2021-09-09,759.77
2021-09-10,743.11
2021-09-11,664.03
2021-09-12,624.47
2021-09-13,730.6
2021-09-14,744.89
2021-09-15,740.66
2021-09-16,726.4
2021-09-17,714.16
2021-09-18,639.49
2021-09-19,588.07
2021-09-20,692.11
2021-09-21,696.78
2021-09-22,701.74
2021-09-23,704.55
2021-09-24,697.18
2021-09-25,631.05
2021-09-26,582.86
2021-09-27,686.15
2021-09-28,706.31
2021-09-29,710.11
2021-09-30,702.54
2021-10-01,692.94
2021-10-02,630.29
2021-10-03,585.69
2021-10-04,665.59
2021-10-05,681.28
2021-10-06,695.36
2021-10-07,689.34
2021-10-08,685.11
2021-10-09,612.73
2021-10-10,568.73
2021-10-11,615.64
2021-10-12,577.42
2021-10-13,668.73
2021-10-14,682.6
2021-10-15,681.76
2021-10-16,616.07
2021-10-17,573.62
2021-10-18,675.47
2021-10-19,692.28
2021-10-20,693.1
2021-10-21,688.48
2021-10-22,682.26
2021-10-23,612.02
2021-10-24,571.14
2021-10-25,670.78
2021-10-26,692.32
2021-10-27,689.36
2021-10-28,691.15
2021-10-29,692.26
2021-10-30,626.69
2021-10-31,597.25
2021-11-01,576.37
2021-11-02,674.85
2021-11-03,695.24
2021-11-04,705.89
2021-11-05,717.19
2021-11-06,655.44
2021-11-07,616.1
2021-11-08,716.92
2021-11-09,728.0
2021-11-10,737.41
2021-11-11,738.44
2021-11-12,731.75
2021-11-13,652.72
2021-11-14,612.97
2021-11-15,725.7
2021-11-16,748.84
2021-11-17,753.69
2021-11-18,755.57
2021-11-19,746.45
2021-11-20,674.48
2021-11-21,622.5
2021-11-22,744.44
2021-11-23,774.69
2021-11-24,786.76
2021-11-25,787.16
2021-11-26,781.0
2021-11-27,716.59
2021-11-28,685.7
2021-11-29,782.13
2021-11-30,788.51
2021-12-01,797.14
2021-12-02,800.19
2021-12-03,790.81
2021-12-04,711.45
2021-12-05,660.58
2021-12-06,667.2
2021-12-07,710.59
2021-12-08,684.01
2021-12-09,782.07
2021-12-10,776.26
2021-12-11,692.24
2021-12-12,644.68
2021-12-13,758.49
2021-12-14,783.34
2021-12-15,787.19
2021-12-16,792.1
2021-12-17,783.16
2021-12-18,706.21
2021-12-19,660.63
2021-12-20,771.48
2021-12-21,772.52
2021-12-22,757.32
2021-12-23,729.09
2021-12-24,637.63
2021-12-25,547.51
2021-12-26,582.6
2021-12-27,657.56
2021-12-28,663.7
2021-12-29,657.2
2021-12-30,653.6
2021-12-31,611.39
2022-01-01,535.14
2022-01-02,578.86
2022-01-03,691.97
2022-01-04,718.05
2022-01-05,715.07
2022-01-06,617.94
2022-01-07,703.0
2022-01-08,686.62
2022-01-09,657.1
2022-01-10,756.62
2022-01-11,771.71
2022-01-12,777.31
2022-01-13,788.57
2022-01-14,796.15
2022-01-15,717.16
2022-01-16,672.38
2022-01-17,790.79
2022-01-18,809.45
2022-01-19,813.89
2022-01-20,813.84
2022-01-21,812.93
2022-01-22,728.53
2022-01-23,681.49
2022-01-24,800.22
2022-01-25,803.96
2022-01-26,800.21
2022-01-27,794.88
2022-01-28,786.14
2022-01-29,698.97
2022-01-30,648.5
2022-01-31,761.83
2022-02-01,774.26
2022-02-02,762.49
2022-02-03,760.78
2022-02-04,756.9
2022-02-05,682.67
2022-02-06,635.25
2022-02-07,746.72
2022-02-08,756.68
2022-02-09,755.75
2022-02-10,762.08
2022-02-11,754.63
2022-02-12,679.95
2022-02-13,635.78
2022-02-14,741.72
2022-02-15,759.12
2022-02-16,758.27
2022-02-17,744.05
2022-02-18,735.43
2022-02-19,677.99
2022-02-20,628.49
2022-02-21,726.6
2022-02-22,734.12
2022-02-23,732.24
2022-02-24,736.91
2022-02-25,742.82
2022-02-26,670.69
2022-02-27,618.01
2022-02-28,697.75
2022-03-01,722.63
2022-03-02,735.69
2022-03-03,742.78
2022-03-04,743.39
2022-03-05,660.79
2022-03-06,620.25
2022-03-07,732.49
2022-03-08,735.11
2022-03-09,726.76
2022-03-10,722.22
2022-03-11,731.33
2022-03-12,642.18
2022-03-13,593.32
2022-03-14,726.36
2022-03-15,727.25
2022-03-16,728.89
2022-03-17,726.43
2022-03-18,704.83
2022-03-19,624.06
2022-03-20,591.75
2022-03-21,698.55
2022-03-22,717.64
2022-03-23,719.55
2022-03-24,725.07
2022-03-25,706.77
2022-03-26,631.66
2022-03-27,554.06
2022-03-28,677.67
2022-03-29,692.97
2022-03-30,707.69
2022-03-31,705.6
2022-04-01,710.89
2022-04-02,645.55
2022-04-03,613.76
2022-04-04,744.1
2022-04-05,762.73
2022-04-06,744.53
2022-04-07,722.88
2022-04-08,707.08
2022-04-09,621.53
2022-04-10,574.81
2022-04-11,667.78
2022-04-12,687.25
2022-04-13,685.36
2022-04-14,585.21
2022-04-15,536.45
2022-04-16,551.09
2022-04-17,527.26
2022-04-18,580.34
2022-04-19,657.83
2022-04-20,698.47
2022-04-21,697.71
2022-04-22,695.64
2022-04-23,628.78
2022-04-24,571.99
2022-04-25,654.71
2022-04-26,677.54
2022-04-27,687.61
2022-04-28,688.51
2022-04-29,669.02
2022-04-30,592.6
2022-05-01,528.39
2022-05-02,614.14
2022-05-03,677.39
2022-05-04,687.32
2022-05-05,680.76
2022-05-06,668.6
2022-05-07,596.5
2022-05-08,550.46
2022-05-09,650.6
2022-05-10,673.77
2022-05-11,678.56
2022-05-12,683.98
2022-05-13,678.91
2022-05-14,613.47
2022-05-15,565.34
2022-05-16,658.61
2022-05-17,689.16
2022-05-18,701.7
2022-05-19,716.67
2022-05-20,714.9
2022-05-21,645.69
2022-05-22,591.02
2022-05-23,692.29
2022-05-24,699.49
2022-05-25,683.2
2022-05-26,688.92
2022-05-27,691.17
2022-05-28,628.74
2022-05-29,579.5
2022-05-30,672.1
2022-05-31,699.89
2022-06-01,709.66
2022-06-02,714.1
2022-06-03,711.46
2022-06-04,632.75
2022-06-05,583.68
2022-06-06,671.69
2022-06-07,720.82
2022-06-08,734.65
2022-06-09,740.43
2022-06-10,740.71
2022-06-11,678.77
2022-06-12,633.28
2022-06-13,758.64
2022-06-14,798.69
2022-06-15,816.5
2022-06-16,810.37
2022-06-17,807.73
2022-06-18,721.87
2022-06-19,639.57
2022-06-20,746.48
2022-06-21,754.34
2022-06-22,735.37
2022-06-23,712.24
2022-06-24,658.11
2022-06-25,634.8
2022-06-26,597.12
2022-06-27,697.55
2022-06-28,717.42
2022-06-29,727.05
2022-06-30,724.49
2022-07-01,714.29
2022-07-02,664.62
2022-07-03,628.38
2022-07-04,734.81
2022-07-05,766.57
2022-07-06,763.81
2022-07-07,756.02
2022-07-08,760.22
2022-07-09,692.39
2022-07-10,652.46
2022-07-11,781.32
2022-07-12,811.27
2022-07-13,827.87
2022-07-14,836.25
2022-07-15,831.85
2022-07-16,748.68
2022-07-17,698.66
2022-07-18,822.02
2022-07-19,823.55
2022-07-20,823.28
2022-07-21,836.72
2022-07-22,831.42
2022-07-23,735.09
2022-07-24,687.82
2022-07-25,787.87
2022-07-26,824.19
2022-07-27,806.23
2022-07-28,800.37
2022-07-29,793.99
2022-07-30,718.38
2022-07-31,675.41
2022-08-01,782.7
2022-08-02,800.1
2022-08-03,795.95
2022-08-04,789.63
2022-08-05,772.96
2022-08-06,699.11
2022-08-07,647.85
2022-08-08,727.76
2022-08-09,746.03
2022-08-10,754.72
2022-08-11,750.94
2022-08-12,750.87
2022-08-13,698.34
2022-08-14,629.98
2022-08-15,622.75
2022-08-16,680.85
2022-08-17,677.23
2022-08-18,659.41
2022-08-19,662.0
2022-08-20,633.81
2022-08-21,602.89
2022-08-22,703.08
2022-08-23,730.68
2022-08-24,738.59
2022-08-25,736.69
2022-08-26,725.67
2022-08-27,656.74
2022-08-28,615.57
2022-08-29,727.31
2022-08-30,751.03
2022-08-31,740.34
2022-09-01,731.58
2022-09-02,732.16
2022-09-03,642.11
2022-09-04,596.38
2022-09-05,710.86
2022-09-06,727.46
2022-09-07,731.61
2022-09-08,715.55
2022-09-09,721.6
2022-09-10,653.74
2022-09-11,619.76
2022-09-12,743.05
2022-09-13,746.36
2022-09-14,722.48
2022-09-15,713.41
2022-09-16,708.73
2022-09-17,619.28
2022-09-18,574.2
2022-09-19,685.42
2022-09-20,704.24
2022-09-21,700.01
2022-09-22,695.54
2022-09-23,689.93
2022-09-24,602.43
2022-09-25,547.42
2022-09-26,638.67
2022-09-27,659.37
2022-09-28,663.69
2022-09-29,663.7
2022-09-30,648.93
2022-10-01,576.49
2022-10-02,536.08
2022-10-03,644.91
2022-10-04,667.83
2022-10-05,669.19
2022-10-06,675.11
2022-10-07,666.33
2022-10-08,589.55
2022-10-09,540.75
2022-10-10,644.54
2022-10-11,654.44
2022-10-12,557.9
2022-10-13,641.36
2022-10-14,654.38
2022-10-15,579.41
2022-10-16,540.28
2022-10-17,645.47
2022-10-18,667.04
2022-10-19,678.82
2022-10-20,684.05
2022-10-21,672.84
2022-10-22,586.73
2022-10-23,551.0
2022-10-24,646.26
2022-10-25,663.93
2022-10-26,669.54
2022-10-27,664.13
2022-10-28,653.03
2022-10-29,572.95
2022-10-30,547.85
2022-10-31,588.04
2022-11-01,538.56
2022-11-02,634.22
2022-11-03,656.58
2022-11-04,653.07
2022-11-05,571.95
2022-11-06,532.36
2022-11-07,638.37
2022-11-08,666.64
2022-11-09,661.16
2022-11-10,664.42
2022-11-11,664.84
2022-11-12,588.24
2022-11-13,542.76
2022-11-14,652.79
2022-11-15,675.46
2022-11-16,681.36
2022-11-17,679.56
2022-11-18,675.58
2022-11-19,603.77
2022-11-20,560.5
2022-11-21,686.87
2022-11-22,715.55
2022-11-23,701.78
2022-11-24,698.3
2022-11-25,682.49
2022-11-26,615.12
2022-11-27,582.85
2022-11-28,689.08
2022-11-29,712.79
2022-11-30,724.58
2022-12-01,730.57
2022-12-02,731.71
2022-12-03,660.11
2022-12-04,616.22
2022-12-05,707.55
2022-12-06,645.09
2022-12-07,693.62
2022-12-08,632.26
2022-12-09,671.09
2022-12-10,623.03
2022-12-11,606.73
2022-12-12,728.14
2022-12-13,732.9
2022-12-14,717.26
2022-12-15,712.21
2022-12-16,713.51
2022-12-17,629.52
2022-12-18,591.17
2022-12-19,709.45
2022-12-20,723.98
2022-12-21,710.96
2022-12-22,694.57
2022-12-23,657.79
2022-12-24,561.75
2022-12-25,489.0
2022-12-26,532.03
2022-12-27,611.57
2022-12-28,629.53
2022-12-29,636.82
2022-12-30,623.61
2022-12-31,559.27
2023-01-01,501.61
2023-01-02,617.39
2023-01-03,672.48
2023-01-04,685.39
2023-01-05,666.7
2023-01-06,574.99
2023-01-07,619.84
2023-01-08,608.37
2023-01-09,696.79
2023-01-10,726.43
2023-01-11,734.48
2023-01-12,738.45
2023-01-13,733.39
2023-01-14,657.91
2023-01-15,610.96
2023-01-16,750.15
2023-01-17,753.7
2023-01-18,775.58
2023-01-19,785.12
2023-01-20,753.14
2023-01-21,672.61
2023-01-22,645.0
2023-01-23,782.74
2023-01-24,820.85
2023-01-25,811.59
2023-01-26,812.68
2023-01-27,801.41
2023-01-28,713.93
2023-01-29,671.08
2023-01-30,790.42
2023-01-31,799.23
2023-02-01,797.14
2023-02-02,786.53
2023-02-03,771.44
2023-02-04,679.44
2023-02-05,633.46
2023-02-06,769.94
2023-02-07,802.74
2023-02-08,800.4
2023-02-09,790.02
2023-02-10,786.76
2023-02-11,691.73
2023-02-12,643.94
2023-02-13,759.16
2023-02-14,771.92
2023-02-15,759.94
2023-02-16,751.91
2023-02-17,741.34
2023-02-18,652.88
2023-02-19,599.92
2023-02-20,699.61
2023-02-21,714.51
2023-02-22,719.05
2023-02-23,740.34
2023-02-24,735.93
2023-02-25,665.3
2023-02-26,627.32
2023-02-27,763.33
2023-02-28,768.84
2023-03-01,785.12
2023-03-02,790.87
2023-03-03,767.73
2023-03-04,669.28
2023-03-05,631.39
2023-03-06,734.79
2023-03-07,730.4
2023-03-08,720.67
2023-03-09,711.07
2023-03-10,684.33
2023-03-11,603.38
2023-03-12,552.48
2023-03-13,653.79
2023-03-14,664.6
2023-03-15,665.09
2023-03-16,666.47
2023-03-17,664.55
2023-03-18,598.07
2023-03-19,546.99
2023-03-20,636.84
2023-03-21,662.76
2023-03-22,660.05
2023-03-23,659.95
2023-03-24,660.05
2023-03-25,591.09
2023-03-26,522.94
2023-03-27,637.92
2023-03-28,650.11
2023-03-29,651.65
2023-03-30,654.79
2023-03-31,654.06
2023-04-01,586.8
2023-04-02,544.15
2023-04-03,633.9
2023-04-04,645.78
2023-04-05,634.2
2023-04-06,559.47
2023-04-07,513.14
2023-04-08,526.14
2023-04-09,502.51
2023-04-10,557.51
2023-04-11,625.95
2023-04-12,653.98
2023-04-13,652.54
2023-04-14,657.61
2023-04-15,587.26
2023-04-16,542.1
2023-04-17,628.95
2023-04-18,649.56
2023-04-19,650.88
2023-04-20,652.27
2023-04-21,646.21
2023-04-22,584.74
2023-04-23,538.18
2023-04-24,627.52
2023-04-25,653.08
2023-04-26,656.61
2023-04-27,661.48
2023-04-28,655.53
2023-04-29,585.57
2023-04-30,536.0
2023-05-01,519.62
2023-05-02,618.09
2023-05-03,655.87
2023-05-04,660.6
2023-05-05,655.06
2023-05-06,586.01
2023-05-07,544.4
2023-05-08,638.07
2023-05-09,663.14
2023-05-10,658.86
2023-05-11,652.64
2023-05-12,651.53
2023-05-13,575.65
2023-05-14,537.81
2023-05-15,626.25
2023-05-16,645.29
2023-05-17,637.59
2023-05-18,645.2
2023-05-19,641.3
2023-05-20,571.01
2023-05-21,530.51
2023-05-22,634.24
2023-05-23,648.55
2023-05-24,643.86
2023-05-25,646.07
2023-05-26,631.93
2023-05-27,561.16
2023-05-28,515.84
2023-05-29,615.98
2023-05-30,633.75
2023-05-31,633.33
2023-06-01,644.04
2023-06-02,635.97
2023-06-03,565.13
2023-06-04,523.5
2023-06-05,625.81
2023-06-06,653.96
2023-06-07,668.69
2023-06-08,659.89
2023-06-09,648.81
2023-06-10,577.23
2023-06-11,538.96
2023-06-12,646.89
2023-06-13,664.08
2023-06-14,667.54
2023-06-15,678.25
2023-06-16,689.14
2023-06-17,620.83
2023-06-18,571.24
2023-06-19,678.41
2023-06-20,698.04
2023-06-21,707.72
2023-06-22,701.48
2023-06-23,698.79
2023-06-24,621.85
2023-06-25,609.99
2023-06-26,747.22
2023-06-27,766.38
2023-06-28,771.71
2023-06-29,764.77
2023-06-30,722.72
2023-07-01,641.14
2023-07-02,610.21
2023-07-03,735.74
2023-07-04,747.69
2023-07-05,749.99
2023-07-06,754.3
2023-07-07,745.75
2023-07-08,659.23
2023-07-09,622.84
2023-07-10,772.92
2023-07-11,813.55
2023-07-12,804.62
2023-07-13,791.56
2023-07-14,791.49
2023-07-15,691.36
2023-07-16,632.92
2023-07-17,773.08
2023-07-18,817.95
2023-07-19,831.04
2023-07-20,811.54
2023-07-21,771.1
2023-07-22,675.08
2023-07-23,640.16
2023-07-24,744.23
2023-07-25,713.49
2023-07-26,725.25
2023-07-27,740.03
2023-07-28,731.28
2023-07-29,672.25
2023-07-30,636.99
2023-07-31,727.85
2023-08-01,749.36
2023-08-02,764.68
2023-08-03,739.73
2023-08-04,686.99
2023-08-05,612.97
2023-08-06,590.76
2023-08-07,676.89
2023-08-08,711.92
2023-08-09,732.2
2023-08-10,747.87
2023-08-11,738.06
2023-08-12,676.7
2023-08-13,629.23
2023-08-14,677.55
2023-08-15,630.29
2023-08-16,698.4
2023-08-17,705.51
2023-08-18,706.09
2023-08-19,664.26
2023-08-20,648.87
2023-08-21,741.41
