Fechas,Generación Renovables GWh,Generación No renovables GWh
2014-08-01,251.77,499.57
2014-08-02,242.18,429.53
2014-08-03,166.05,450.89
2014-08-04,204.51,518.0
2014-08-05,204.14,528.43
2014-08-06,215.01,530.78
2014-08-07,218.95,533.58
2014-08-08,250.55,515.55
2014-08-09,230.0,478.23
2014-08-10,241.02,405.05
2014-08-11,228.11,503.34
2014-08-12,238.97,497.58
2014-08-13,306.27,437.19
2014-08-14,224.53,467.9
2014-08-15,224.49,410.48
2014-08-16,296.47,355.49
2014-08-17,226.23,388.83
2014-08-18,239.97,463.48
2014-08-19,224.35,489.32
2014-08-20,233.65,480.53
2014-08-21,210.44,499.18
2014-08-22,215.71,498.35
2014-08-23,201.42,453.57
2014-08-24,177.24,442.24
2014-08-25,245.16,499.33
2014-08-26,288.93,496.18
2014-08-27,241.86,549.99
2014-08-28,223.28,556.27
2014-08-29,226.28,543.54
2014-08-30,217.38,499.47
2014-08-31,199.96,473.06
2014-09-01,227.83,576.82
2014-09-02,207.29,601.26
2014-09-03,194.71,613.5
2014-09-04,206.49,599.1
2014-09-05,182.34,621.32
2014-09-06,169.73,546.72
2014-09-07,158.09,520.24
2014-09-08,165.2,603.52
2014-09-09,163.01,629.91
2014-09-10,152.4,631.22
2014-09-11,178.06,595.5
2014-09-12,189.73,587.64
2014-09-13,154.0,533.37
2014-09-14,156.2,503.16
2014-09-15,163.73,569.24
2014-09-16,250.66,517.61
2014-09-17,261.62,499.37
2014-09-18,252.38,500.08
2014-09-19,226.04,527.88
2014-09-20,153.26,518.03
2014-09-21,121.42,506.48
2014-09-22,182.21,562.48
2014-09-23,178.17,559.39
2014-09-24,198.47,543.94
2014-09-25,206.61,537.76
2014-09-26,168.3,556.97
2014-09-27,161.69,502.01
2014-09-28,110.17,499.14
2014-09-29,123.69,583.46
2014-09-30,157.62,573.49
2014-10-01,197.19,543.87
2014-10-02,190.1,554.37
2014-10-03,155.45,565.23
2014-10-04,140.85,505.31
2014-10-05,156.0,469.28
2014-10-06,214.06,498.88
2014-10-07,244.82,487.73
2014-10-08,262.08,476.35
2014-10-09,209.4,526.02
2014-10-10,153.04,550.67
2014-10-11,172.4,465.7
2014-10-12,250.2,358.9
2014-10-13,193.09,472.53
2014-10-14,188.78,519.84
2014-10-15,288.54,451.32
2014-10-16,299.97,441.61
2014-10-17,282.78,431.25
2014-10-18,270.97,363.99
2014-10-19,210.13,384.33
2014-10-20,191.54,519.54
2014-10-21,213.02,525.55
2014-10-22,258.97,497.46
2014-10-23,227.65,512.08
2014-10-24,196.66,523.02
2014-10-25,152.83,484.19
2014-10-26,129.35,495.21
2014-10-27,156.6,547.17
2014-10-28,170.69,541.47
2014-10-29,171.46,546.7
2014-10-30,175.6,535.11
2014-10-31,209.42,498.59
2014-11-01,129.23,467.95
2014-11-02,161.32,429.83
2014-11-03,295.47,416.73
2014-11-04,316.65,406.02
2014-11-05,311.66,416.72
2014-11-06,290.3,433.28
2014-11-07,300.68,437.63
2014-11-08,239.34,397.65
2014-11-09,194.99,413.19
2014-11-10,243.27,454.46
2014-11-11,332.57,416.87
2014-11-12,335.45,418.52
2014-11-13,340.02,405.82
2014-11-14,322.28,420.72
2014-11-15,413.77,316.94
2014-11-16,390.71,299.4
2014-11-17,310.43,442.37
2014-11-18,233.16,504.37
2014-11-19,232.24,510.3
2014-11-20,294.06,470.79
2014-11-21,262.35,492.65
2014-11-22,254.55,392.27
2014-11-23,300.6,334.8
2014-11-24,216.01,483.0
2014-11-25,184.43,523.68
2014-11-26,185.86,511.66
2014-11-27,319.72,455.01
2014-11-28,357.34,422.22
2014-11-29,260.29,390.48
2014-11-30,340.61,320.45
2014-12-01,403.29,371.93
2014-12-02,382.23,429.14
2014-12-03,299.77,503.94
2014-12-04,222.13,560.54
2014-12-05,298.7,501.74
2014-12-06,364.22,372.52
2014-12-07,347.25,375.19
2014-12-08,307.4,396.62
2014-12-09,381.49,463.74
2014-12-10,300.8,524.17
2014-12-11,263.98,543.68
2014-12-12,306.83,497.25
2014-12-13,309.22,435.76
2014-12-14,240.53,435.83
2014-12-15,280.92,500.43
2014-12-16,345.45,476.07
2014-12-17,329.94,493.32
2014-12-18,274.97,524.86
2014-12-19,241.56,526.33
2014-12-20,235.39,464.37
2014-12-21,211.05,452.74
2014-12-22,228.55,516.88
2014-12-23,216.42,539.85
2014-12-24,176.16,499.13
2014-12-25,183.32,387.69
2014-12-26,238.44,436.5
2014-12-27,327.91,369.28
2014-12-28,380.93,342.92
2014-12-29,351.91,411.83
2014-12-30,288.16,461.97
2014-12-31,285.02,437.11
2015-01-01,197.94,431.09
2015-01-02,195.02,515.73
2015-01-03,209.16,501.92
2015-01-04,209.09,479.85
2015-01-05,176.54,549.03
2015-01-06,170.99,509.09
2015-01-07,177.46,628.57
2015-01-08,206.59,631.24
2015-01-09,218.77,603.02
2015-01-10,207.01,552.68
2015-01-11,240.69,484.68
2015-01-12,258.09,553.33
2015-01-13,263.25,563.95
2015-01-14,263.53,574.86
2015-01-15,319.07,494.16
2015-01-16,336.8,497.3
2015-01-17,268.71,497.17
2015-01-18,226.19,493.11
2015-01-19,283.05,558.51
2015-01-20,243.13,600.83
2015-01-21,310.18,550.47
2015-01-22,340.98,550.78
2015-01-23,325.48,547.17
2015-01-24,314.16,480.8
2015-01-25,343.35,418.87
2015-01-26,293.48,544.07
2015-01-27,312.36,541.54
2015-01-28,303.59,537.39
2015-01-29,418.45,445.2
2015-01-30,471.34,366.18
2015-01-31,466.64,318.3
2015-02-01,423.82,336.12
2015-02-02,374.62,448.25
2015-02-03,414.58,454.34
2015-02-04,460.83,443.22
2015-02-05,442.41,468.82
2015-02-06,375.73,529.8
2015-02-07,262.2,538.76
2015-02-08,345.59,447.93
2015-02-09,363.19,522.95
2015-02-10,254.39,603.66
2015-02-11,232.73,620.64
2015-02-12,218.02,626.0
2015-02-13,326.59,540.44
2015-02-14,416.38,368.06
2015-02-15,374.32,352.83
2015-02-16,331.28,474.04
2015-02-17,438.74,418.54
2015-02-18,364.5,476.03
2015-02-19,280.83,534.43
2015-02-20,298.42,516.65
2015-02-21,407.37,366.8
2015-02-22,426.77,335.42
2015-02-23,474.12,356.51
2015-02-24,496.75,367.28
2015-02-25,475.81,373.14
2015-02-26,438.61,382.78
2015-02-27,447.24,377.97
2015-02-28,376.04,360.3
2015-03-01,377.39,338.7
2015-03-02,365.53,420.79
2015-03-03,275.46,475.62
2015-03-04,440.24,369.67
2015-03-05,469.48,344.02
2015-03-06,337.43,423.48
2015-03-07,278.72,404.33
2015-03-08,278.17,371.42
2015-03-09,289.76,469.31
2015-03-10,254.68,504.51
2015-03-11,271.0,494.75
2015-03-12,286.95,466.71
2015-03-13,360.61,407.55
2015-03-14,337.56,368.8
2015-03-15,259.29,395.58
2015-03-16,258.02,512.2
2015-03-17,299.91,488.72
2015-03-18,312.51,472.62
2015-03-19,344.77,404.79
2015-03-20,389.9,399.07
2015-03-21,319.0,396.98
2015-03-22,292.37,361.61
2015-03-23,280.62,486.62
2015-03-24,345.97,459.12
2015-03-25,432.19,401.5
2015-03-26,387.96,423.78
2015-03-27,385.96,421.06
2015-03-28,321.96,373.14
2015-03-29,300.74,325.04
2015-03-30,350.68,391.07
2015-03-31,323.87,396.87
2015-04-01,370.6,367.8
2015-04-02,299.01,358.26
2015-04-03,250.69,362.25
2015-04-04,316.56,342.29
2015-04-05,303.74,335.51
2015-04-06,277.28,364.66
2015-04-07,327.81,393.18
2015-04-08,337.33,396.64
2015-04-09,272.61,443.6
2015-04-10,242.7,467.0
2015-04-11,178.13,462.85
2015-04-12,249.83,381.77
2015-04-13,331.88,411.08
2015-04-14,329.18,425.8
2015-04-15,248.05,474.27
2015-04-16,232.25,481.53
2015-04-17,207.1,494.94
2015-04-18,220.24,418.0
2015-04-19,214.86,393.79
2015-04-20,217.03,479.83
2015-04-21,308.89,429.22
2015-04-22,258.25,460.09
2015-04-23,198.51,486.29
2015-04-24,189.93,507.72
2015-04-25,228.76,398.59
2015-04-26,242.15,366.93
2015-04-27,356.19,365.19
2015-04-28,264.87,448.34
2015-04-29,231.81,473.17
2015-04-30,288.83,430.33
2015-05-01,307.33,308.98
2015-05-02,292.45,326.17
2015-05-03,250.43,334.04
2015-05-04,325.69,361.35
2015-05-05,348.15,382.22
2015-05-06,259.98,458.69
2015-05-07,325.4,393.74
2015-05-08,391.42,341.85
2015-05-09,245.31,396.62
2015-05-10,283.27,334.46
2015-05-11,276.75,427.66
2015-05-12,281.36,447.41
2015-05-13,321.4,424.63
2015-05-14,386.08,361.45
2015-05-15,388.05,326.36
2015-05-16,380.3,292.37
2015-05-17,343.73,294.12
2015-05-18,303.83,410.61
2015-05-19,366.39,352.43
2015-05-20,336.01,364.1
2015-05-21,369.93,342.01
2015-05-22,379.84,333.28
2015-05-23,348.43,304.83
2015-05-24,286.36,304.47
2015-05-25,301.77,369.97
2015-05-26,349.11,360.89
2015-05-27,341.02,383.77
2015-05-28,298.28,434.62
2015-05-29,273.8,443.62
2015-05-30,209.86,419.45
2015-05-31,195.53,411.45
2015-06-01,228.54,463.45
2015-06-02,237.97,482.07
2015-06-03,262.09,491.25
2015-06-04,266.83,477.46
2015-06-05,269.38,478.23
2015-06-06,282.26,417.23
2015-06-07,253.65,391.42
2015-06-08,256.62,470.72
2015-06-09,256.25,489.81
2015-06-10,248.78,482.25
2015-06-11,218.65,495.22
2015-06-12,205.99,491.68
2015-06-13,203.86,447.44
2015-06-14,177.85,434.37
2015-06-15,214.02,481.62
2015-06-16,267.56,453.37
2015-06-17,334.16,418.81
2015-06-18,318.71,431.41
2015-06-19,316.32,438.1
2015-06-20,284.62,418.02
2015-06-21,222.47,438.19
2015-06-22,229.83,506.32
2015-06-23,233.22,519.96
2015-06-24,201.97,523.8
2015-06-25,211.88,551.47
2015-06-26,229.11,549.87
2015-06-27,230.07,505.59
2015-06-28,196.57,496.24
2015-06-29,246.21,555.58
2015-06-30,280.83,549.82
2015-07-01,282.37,546.73
2015-07-02,244.66,579.77
2015-07-03,315.35,524.66
2015-07-04,243.71,510.92
2015-07-05,227.61,484.91
2015-07-06,259.91,582.08
2015-07-07,249.54,611.52
2015-07-08,288.73,576.54
2015-07-09,278.69,582.26
2015-07-10,240.0,592.41
2015-07-11,234.52,515.38
2015-07-12,203.83,501.82
2015-07-13,237.19,607.68
2015-07-14,248.78,623.83
2015-07-15,232.24,637.44
2015-07-16,226.06,636.98
2015-07-17,197.73,653.68
2015-07-18,219.68,543.46
2015-07-19,180.74,520.21
2015-07-20,195.26,655.14
2015-07-21,209.1,662.66
2015-07-22,226.76,640.59
2015-07-23,216.61,636.45
2015-07-24,259.03,576.39
2015-07-25,248.1,506.41
2015-07-26,207.13,491.95
2015-07-27,231.9,575.74
2015-07-28,217.35,600.36
2015-07-29,229.39,614.1
2015-07-30,271.77,573.04
2015-07-31,257.15,552.62
2015-08-01,213.69,508.95
2015-08-02,236.61,445.04
2015-08-03,222.23,557.54
2015-08-04,193.24,595.3
2015-08-05,230.33,566.0
2015-08-06,198.55,595.18
2015-08-07,215.83,571.34
2015-08-08,226.54,489.14
2015-08-09,236.17,456.19
2015-08-10,183.15,565.43
2015-08-11,187.96,581.46
2015-08-12,188.98,576.59
2015-08-13,307.55,479.82
2015-08-14,222.45,491.31
2015-08-15,182.27,454.83
2015-08-16,154.96,461.22
2015-08-17,182.27,531.51
2015-08-18,200.4,524.12
2015-08-19,184.06,541.97
2015-08-20,189.21,557.57
2015-08-21,193.61,566.46
2015-08-22,205.29,497.12
2015-08-23,318.64,349.48
2015-08-24,287.41,457.24
2015-08-25,199.94,547.54
2015-08-26,268.62,503.22
2015-08-27,266.4,518.77
2015-08-28,210.33,564.43
2015-08-29,230.47,489.22
2015-08-30,228.08,464.31
2015-08-31,195.1,606.67
2015-09-01,221.39,570.6
2015-09-02,215.98,558.9
2015-09-03,243.79,530.12
2015-09-04,227.72,520.37
2015-09-05,204.27,479.32
2015-09-06,172.56,470.95
2015-09-07,175.6,546.68
2015-09-08,149.57,566.89
2015-09-09,171.53,570.53
2015-09-10,157.3,579.0
2015-09-11,173.6,542.44
2015-09-12,184.33,482.31
2015-09-13,291.0,366.2
2015-09-14,257.18,462.6
2015-09-15,292.39,435.88
2015-09-16,370.51,392.75
2015-09-17,265.31,475.27
2015-09-18,180.8,527.17
2015-09-19,205.9,455.65
2015-09-20,174.05,453.91
2015-09-21,165.94,540.75
2015-09-22,238.11,497.48
2015-09-23,239.75,509.87
2015-09-24,192.66,530.77
2015-09-25,169.56,535.58
2015-09-26,141.4,494.98
2015-09-27,183.23,425.63
2015-09-28,207.16,483.95
2015-09-29,173.49,521.21
2015-09-30,167.87,522.0
2015-10-01,180.17,532.65
2015-10-02,179.53,517.92
2015-10-03,143.33,486.11
2015-10-04,258.86,340.13
2015-10-05,361.24,350.46
2015-10-06,361.19,387.5
2015-10-07,190.94,519.32
2015-10-08,192.67,515.28
2015-10-09,147.8,515.4
2015-10-10,157.43,411.03
2015-10-11,128.81,401.94
2015-10-12,183.06,418.06
2015-10-13,239.92,450.7
2015-10-14,264.58,468.39
2015-10-15,189.33,544.29
2015-10-16,144.33,566.08
2015-10-17,217.12,383.0
2015-10-18,154.22,397.4
2015-10-19,209.15,487.29
2015-10-20,302.64,432.45
2015-10-21,283.43,460.42
2015-10-22,243.57,483.53
2015-10-23,166.88,523.03
2015-10-24,137.36,481.6
2015-10-25,154.9,453.59
2015-10-26,194.31,481.43
2015-10-27,253.72,458.68
2015-10-28,311.41,444.11
2015-10-29,235.78,490.18
2015-10-30,260.3,420.26
2015-10-31,220.39,406.83
2015-11-01,292.31,324.38
2015-11-02,284.7,410.74
2015-11-03,281.14,451.14
2015-11-04,208.82,486.66
2015-11-05,229.71,469.91
2015-11-06,213.02,468.3
2015-11-07,193.86,413.94
2015-11-08,224.52,360.59
2015-11-09,165.09,499.6
2015-11-10,162.94,525.19
2015-11-11,153.79,530.92
2015-11-12,158.79,533.47
2015-11-13,180.13,494.23
2015-11-14,157.26,448.54
2015-11-15,136.68,444.21
2015-11-16,178.69,509.25
2015-11-17,194.81,523.13
2015-11-18,169.97,549.22
2015-11-19,170.66,549.19
2015-11-20,260.18,453.39
2015-11-21,402.27,315.08
2015-11-22,267.02,343.78
2015-11-23,255.01,533.62
2015-11-24,256.04,561.25
2015-11-25,366.98,466.6
2015-11-26,358.34,482.36
2015-11-27,276.67,516.32
2015-11-28,231.29,464.78
2015-11-29,157.76,479.69
2015-11-30,167.85,582.5
2015-12-01,149.9,614.22
2015-12-02,156.02,627.77
2015-12-03,186.05,587.53
2015-12-04,156.9,616.27
2015-12-05,146.17,552.91
2015-12-06,157.04,492.32
2015-12-07,199.67,482.59
2015-12-08,122.39,519.44
2015-12-09,166.74,587.73
2015-12-10,144.89,621.26
2015-12-11,142.9,614.61
2015-12-12,125.81,556.27
2015-12-13,144.39,483.9
2015-12-14,237.4,527.42
2015-12-15,253.74,504.22
2015-12-16,210.23,542.86
2015-12-17,201.13,546.03
2015-12-18,192.35,549.83
2015-12-19,212.62,447.29
2015-12-20,183.19,475.04
2015-12-21,184.16,549.5
2015-12-22,221.89,523.28
2015-12-23,153.44,552.95
2015-12-24,172.89,452.51
2015-12-25,152.64,392.48
2015-12-26,205.45,393.78
2015-12-27,259.18,348.3
2015-12-28,326.0,365.5
2015-12-29,221.66,443.3
2015-12-30,251.76,407.64
2015-12-31,179.41,432.21
2016-01-01,253.59,335.4
2016-01-02,294.76,357.76
2016-01-03,361.74,334.13
2016-01-04,338.82,367.61
2016-01-05,395.07,352.46
2016-01-06,422.23,315.44
2016-01-07,417.71,341.67
2016-01-08,375.86,345.58
2016-01-09,403.5,316.69
2016-01-10,424.31,291.8
2016-01-11,486.49,313.44
2016-01-12,376.71,399.91
2016-01-13,317.1,432.47
2016-01-14,352.01,451.06
2016-01-15,382.36,415.98
2016-01-16,362.49,360.85
2016-01-17,295.91,363.44
2016-01-18,404.02,445.87
2016-01-19,260.12,566.91
2016-01-20,233.83,577.29
2016-01-21,268.68,578.19
2016-01-22,244.9,529.47
2016-01-23,208.73,439.65
2016-01-24,250.43,347.14
2016-01-25,233.29,492.98
2016-01-26,196.9,542.68
2016-01-27,247.88,490.98
2016-01-28,215.88,501.56
2016-01-29,206.85,506.84
2016-01-30,276.3,397.53
2016-01-31,320.09,341.59
2016-02-01,243.6,476.77
2016-02-02,211.02,501.94
2016-02-03,309.93,401.4
2016-02-04,305.65,425.91
2016-02-05,269.07,445.95
2016-02-06,342.39,299.05
2016-02-07,420.72,257.53
2016-02-08,422.64,307.45
2016-02-09,449.08,315.89
2016-02-10,450.18,317.89
2016-02-11,420.93,319.6
2016-02-12,511.64,309.12
2016-02-13,505.32,234.62
2016-02-14,462.55,226.75
2016-02-15,513.29,290.85
2016-02-16,447.76,384.74
2016-02-17,359.78,451.51
2016-02-18,299.15,487.6
2016-02-19,286.56,463.25
2016-02-20,290.15,378.76
2016-02-21,307.16,338.29
2016-02-22,285.48,428.37
2016-02-23,381.28,400.11
2016-02-24,353.75,406.66
2016-02-25,410.67,387.36
2016-02-26,409.58,382.11
2016-02-27,480.08,298.15
2016-02-28,445.2,293.1
2016-02-29,497.71,343.34
2016-03-01,420.75,392.72
2016-03-02,462.18,372.89
2016-03-03,432.01,380.12
2016-03-04,459.66,352.75
2016-03-05,451.37,324.91
2016-03-06,396.33,323.24
2016-03-07,433.1,381.97
2016-03-08,414.41,403.17
2016-03-09,471.4,352.72
2016-03-10,483.36,356.9
2016-03-11,416.24,366.69
2016-03-12,359.28,346.94
2016-03-13,337.97,340.51
2016-03-14,283.14,459.62
2016-03-15,245.17,508.38
2016-03-16,340.51,437.07
2016-03-17,249.28,493.7
2016-03-18,241.18,481.02
2016-03-19,234.84,432.99
2016-03-20,208.08,411.01
2016-03-21,274.99,444.45
2016-03-22,321.48,421.17
2016-03-23,437.22,364.4
2016-03-24,344.43,345.56
2016-03-25,317.98,348.74
2016-03-26,357.96,316.5
2016-03-27,346.29,272.0
2016-03-28,371.59,300.18
2016-03-29,334.96,364.63
2016-03-30,348.16,368.97
2016-03-31,436.0,347.78
2016-04-01,377.28,387.56
2016-04-02,324.64,354.86
2016-04-03,404.44,324.29
2016-04-04,336.05,379.16
2016-04-05,449.67,341.17
2016-04-06,379.49,365.49
2016-04-07,427.29,348.91
2016-04-08,442.07,359.6
2016-04-09,370.27,339.26
2016-04-10,391.8,327.38
2016-04-11,401.98,366.12
2016-04-12,407.23,378.06
2016-04-13,416.86,362.66
2016-04-14,406.61,346.73
2016-04-15,359.74,356.25
2016-04-16,404.24,321.13
2016-04-17,306.4,334.93
2016-04-18,363.39,368.84
2016-04-19,411.18,354.86
2016-04-20,318.13,376.34
2016-04-21,324.87,372.21
2016-04-22,258.64,402.48
2016-04-23,314.28,328.79
2016-04-24,399.58,315.08
2016-04-25,356.63,355.02
2016-04-26,329.81,371.06
2016-04-27,327.09,392.54
2016-04-28,358.87,390.96
2016-04-29,309.55,358.48
2016-04-30,388.43,280.54
2016-05-01,417.01,269.23
2016-05-02,375.37,300.33
2016-05-03,390.76,314.51
2016-05-04,312.41,335.6
2016-05-05,300.46,348.66
2016-05-06,324.2,327.49
2016-05-07,329.05,285.05
2016-05-08,368.09,261.47
2016-05-09,370.21,321.79
2016-05-10,354.55,329.8
2016-05-11,343.74,341.86
2016-05-12,370.95,342.35
2016-05-13,426.24,313.11
2016-05-14,413.07,277.55
2016-05-15,369.03,273.68
2016-05-16,349.26,302.35
2016-05-17,301.05,343.33
2016-05-18,335.68,346.95
2016-05-19,380.02,343.74
2016-05-20,328.74,335.03
2016-05-21,402.3,288.93
2016-05-22,400.74,273.87
2016-05-23,304.21,346.29
2016-05-24,340.73,339.65
2016-05-25,276.81,368.06
2016-05-26,276.92,353.34
2016-05-27,287.54,345.11
2016-05-28,311.23,305.26
2016-05-29,335.76,302.84
2016-05-30,270.13,349.93
2016-05-31,291.11,361.96
2016-06-01,330.81,350.39
2016-06-02,262.51,399.44
2016-06-03,261.64,392.7
2016-06-04,236.2,342.67
2016-06-05,198.96,350.37
2016-06-06,242.58,423.64
2016-06-07,246.11,467.02
2016-06-08,248.91,468.37
2016-06-09,230.59,486.47
2016-06-10,287.31,422.0
2016-06-11,240.56,393.36
2016-06-12,249.53,367.91
2016-06-13,374.94,384.39
2016-06-14,375.06,375.21
2016-06-15,369.68,369.71
2016-06-16,320.42,375.12
2016-06-17,259.15,411.51
2016-06-18,264.04,354.11
2016-06-19,275.05,343.13
2016-06-20,254.8,412.88
2016-06-21,265.8,440.68
2016-06-22,324.93,418.11
2016-06-23,300.81,436.12
2016-06-24,272.19,419.04
2016-06-25,314.38,368.24
2016-06-26,329.21,340.26
2016-06-27,285.87,437.37
2016-06-28,239.25,507.79
2016-06-29,234.13,516.49
2016-06-30,228.81,519.31
2016-07-01,226.38,512.48
2016-07-02,237.94,429.47
2016-07-03,277.39,400.82
2016-07-04,257.13,502.93
2016-07-05,246.59,522.87
2016-07-06,236.33,528.45
2016-07-07,193.4,551.4
2016-07-08,203.95,529.23
2016-07-09,231.39,452.58
2016-07-10,210.35,424.88
2016-07-11,259.54,511.48
2016-07-12,282.14,503.69
2016-07-13,317.1,460.4
2016-07-14,336.7,433.4
2016-07-15,303.19,434.05
2016-07-16,241.16,418.88
2016-07-17,213.97,408.46
2016-07-18,270.19,503.52
2016-07-19,254.43,543.14
2016-07-20,243.23,563.44
2016-07-21,221.39,570.27
2016-07-22,284.4,483.11
2016-07-23,286.6,396.02
2016-07-24,267.77,390.03
2016-07-25,264.5,484.97
2016-07-26,287.48,513.57
2016-07-27,288.94,514.44
2016-07-28,251.4,540.68
2016-07-29,240.28,550.57
2016-07-30,243.2,463.55
2016-07-31,249.52,396.72
2016-08-01,242.23,493.89
2016-08-02,230.7,526.8
2016-08-03,222.09,532.31
2016-08-04,258.12,510.88
2016-08-05,295.17,471.25
2016-08-06,309.55,366.43
2016-08-07,299.74,352.73
2016-08-08,298.65,422.68
2016-08-09,348.58,398.69
2016-08-10,383.66,364.53
2016-08-11,343.6,384.04
2016-08-12,253.31,440.93
2016-08-13,228.63,400.86
2016-08-14,221.98,376.74
2016-08-15,209.47,402.34
2016-08-16,194.13,490.39
2016-08-17,202.03,507.36
2016-08-18,208.19,509.42
2016-08-19,227.27,502.02
2016-08-20,242.35,410.31
2016-08-21,244.79,387.01
2016-08-22,218.35,490.52
2016-08-23,231.44,511.49
2016-08-24,263.64,483.29
2016-08-25,259.7,484.89
2016-08-26,234.39,504.33
2016-08-27,200.3,477.99
2016-08-28,187.1,445.46
2016-08-29,278.3,503.5
2016-08-30,238.95,533.57
2016-08-31,227.58,542.85
2016-09-01,223.14,543.66
2016-09-02,197.91,567.73
2016-09-03,173.05,514.94
2016-09-04,174.69,503.06
2016-09-05,222.55,580.61
2016-09-06,200.38,607.14
2016-09-07,209.01,600.12
2016-09-08,203.55,558.47
2016-09-09,185.97,556.1
2016-09-10,153.03,500.61
2016-09-11,158.93,462.45
2016-09-12,256.9,499.02
2016-09-13,266.05,485.23
2016-09-14,259.9,472.56
2016-09-15,258.6,463.79
2016-09-16,249.66,447.31
2016-09-17,256.02,374.67
2016-09-18,233.6,371.15
2016-09-19,207.79,465.91
2016-09-20,198.35,510.86
2016-09-21,165.34,528.94
2016-09-22,159.76,527.64
2016-09-23,163.36,526.52
2016-09-24,192.49,431.66
2016-09-25,157.49,419.53
2016-09-26,152.36,506.09
2016-09-27,206.97,499.12
2016-09-28,232.3,502.35
2016-09-29,203.59,506.7
2016-09-30,191.35,516.43
2016-10-01,146.62,467.88
2016-10-02,133.07,433.59
2016-10-03,186.47,501.14
2016-10-04,179.29,538.93
2016-10-05,200.25,517.11
2016-10-06,181.76,565.5
2016-10-07,155.04,583.4
2016-10-08,155.65,476.69
2016-10-09,208.25,413.03
2016-10-10,192.43,561.16
2016-10-11,188.77,575.99
2016-10-12,172.48,529.52
2016-10-13,148.66,613.92
2016-10-14,224.62,539.21
2016-10-15,213.82,421.0
2016-10-16,168.02,418.47
2016-10-17,124.02,594.75
2016-10-18,152.28,609.48
2016-10-19,152.45,625.2
2016-10-20,178.29,615.45
2016-10-21,159.84,618.04
2016-10-22,158.88,511.01
2016-10-23,265.47,427.4
2016-10-24,177.88,555.23
2016-10-25,156.92,594.2
2016-10-26,143.21,617.58
2016-10-27,180.98,571.8
2016-10-28,163.28,557.44
2016-10-29,144.03,476.32
2016-10-30,123.93,480.0
2016-10-31,135.21,473.57
2016-11-01,122.77,464.24
2016-11-02,129.56,581.24
2016-11-03,118.48,609.24
2016-11-04,164.59,586.98
2016-11-05,254.04,418.02
2016-11-06,231.75,388.7
2016-11-07,228.25,503.08
2016-11-08,320.48,491.09
2016-11-09,312.05,503.9
2016-11-10,231.35,555.46
2016-11-11,210.0,553.02
2016-11-12,146.1,521.51
2016-11-13,216.03,422.78
2016-11-14,314.56,478.62
2016-11-15,256.85,554.96
2016-11-16,155.38,630.75
2016-11-17,149.31,602.86
2016-11-18,195.68,565.27
2016-11-19,216.85,431.12
2016-11-20,308.98,340.91
2016-11-21,293.08,452.74
2016-11-22,130.81,591.09
2016-11-23,223.5,546.74
2016-11-24,194.83,529.94
2016-11-25,196.56,522.94
2016-11-26,222.13,433.71
2016-11-27,176.74,435.17
2016-11-28,157.82,565.7
2016-11-29,183.53,602.78
2016-11-30,289.99,528.77
2016-12-01,179.35,624.29
2016-12-02,157.21,640.98
2016-12-03,194.64,464.19
2016-12-04,226.74,390.22
2016-12-05,195.66,543.64
2016-12-06,137.76,553.45
2016-12-07,154.93,544.42
2016-12-08,188.34,445.01
2016-12-09,217.66,463.46
2016-12-10,164.91,448.8
2016-12-11,142.69,477.56
2016-12-12,149.89,627.02
2016-12-13,150.85,650.63
2016-12-14,179.83,645.79
2016-12-15,179.63,634.35
2016-12-16,207.66,558.47
2016-12-17,253.25,413.23
2016-12-18,220.11,417.12
2016-12-19,262.31,557.76
2016-12-20,250.09,595.36
2016-12-21,218.34,593.25
2016-12-22,155.21,618.23
2016-12-23,145.82,565.05
2016-12-24,145.16,472.6
2016-12-25,121.39,442.11
2016-12-26,127.45,476.01
2016-12-27,139.97,525.18
2016-12-28,154.17,523.08
2016-12-29,146.64,519.09
2016-12-30,130.65,545.63
2016-12-31,120.52,507.97
2017-01-01,120.64,485.17
2017-01-02,177.44,532.36
2017-01-03,185.98,593.65
2017-01-04,227.21,576.32
2017-01-05,238.81,546.39
2017-01-06,180.83,530.65
2017-01-07,177.52,520.68
2017-01-08,197.57,491.94
2017-01-09,246.24,584.79
2017-01-10,342.36,536.56
2017-01-11,279.52,574.57
2017-01-12,272.04,567.94
2017-01-13,320.29,554.88
2017-01-14,281.48,523.11
2017-01-15,295.98,508.73
2017-01-16,367.91,530.68
2017-01-17,403.46,539.77
2017-01-18,332.57,608.66
2017-01-19,290.69,634.29
2017-01-20,239.38,677.7
2017-01-21,192.7,555.98
2017-01-22,229.01,516.85
2017-01-23,267.93,612.72
2017-01-24,291.1,632.53
2017-01-25,247.97,676.55
2017-01-26,261.66,630.91
2017-01-27,300.55,571.89
2017-01-28,272.87,489.95
2017-01-29,204.99,478.45
2017-01-30,220.75,537.35
2017-01-31,212.38,602.55
2017-02-01,235.07,545.08
2017-02-02,348.24,452.8
2017-02-03,350.27,429.8
2017-02-04,359.88,371.69
2017-02-05,416.56,341.31
2017-02-06,394.75,442.43
2017-02-07,330.67,505.44
2017-02-08,371.89,513.59
2017-02-09,264.17,560.38
2017-02-10,259.24,574.06
2017-02-11,282.75,457.11
2017-02-12,390.58,365.69
2017-02-13,339.6,460.96
2017-02-14,226.99,498.19
2017-02-15,219.64,505.38
2017-02-16,193.43,536.22
2017-02-17,166.45,548.28
2017-02-18,142.66,492.12
2017-02-19,232.95,426.69
2017-02-20,252.71,505.16
2017-02-21,249.36,504.33
2017-02-22,188.34,508.77
2017-02-23,172.79,520.0
2017-02-24,271.81,473.02
2017-02-25,193.57,445.72
2017-02-26,171.68,431.04
2017-02-27,342.88,407.99
2017-02-28,405.15,396.01
2017-03-01,274.79,447.76
2017-03-02,240.78,460.29
2017-03-03,374.01,376.32
2017-03-04,349.36,358.83
2017-03-05,308.61,340.04
2017-03-06,378.81,361.62
2017-03-07,347.35,396.57
2017-03-08,241.03,445.43
2017-03-09,234.82,443.88
2017-03-10,223.34,430.19
2017-03-11,233.71,375.8
2017-03-12,335.54,342.43
2017-03-13,409.66,369.51
2017-03-14,377.24,373.54
2017-03-15,307.02,372.1
2017-03-16,289.55,384.83
2017-03-17,255.43,397.23
2017-03-18,229.75,385.97
2017-03-19,192.97,376.53
2017-03-20,219.15,404.03
2017-03-21,295.56,387.91
2017-03-22,337.8,374.76
2017-03-23,269.82,417.2
2017-03-24,221.52,468.97
2017-03-25,259.34,376.61
2017-03-26,272.62,339.25
2017-03-27,288.18,430.05
2017-03-28,222.72,455.27
2017-03-29,233.95,437.95
2017-03-30,289.32,403.75
2017-03-31,312.57,381.59
2017-04-01,363.28,348.5
2017-04-02,274.21,354.8
2017-04-03,241.03,426.54
2017-04-04,295.32,398.65
2017-04-05,340.75,370.99
2017-04-06,347.61,373.77
2017-04-07,253.12,407.84
2017-04-08,225.02,383.41
2017-04-09,228.51,365.32
2017-04-10,229.08,403.7
2017-04-11,253.53,414.23
2017-04-12,208.06,429.69
2017-04-13,182.56,402.32
2017-04-14,180.04,376.26
2017-04-15,228.01,364.5
2017-04-16,212.0,363.3
2017-04-17,183.98,400.13
2017-04-18,294.43,377.35
2017-04-19,375.58,346.1
2017-04-20,332.68,357.36
2017-04-21,292.12,373.37
2017-04-22,209.83,379.13
2017-04-23,163.11,400.63
2017-04-24,177.77,442.99
2017-04-25,226.15,428.31
2017-04-26,295.82,415.92
2017-04-27,295.97,410.88
2017-04-28,282.37,413.23
2017-04-29,226.33,385.48
2017-04-30,343.18,339.35
2017-05-01,228.14,370.99
2017-05-02,185.86,463.96
2017-05-03,214.21,462.39
2017-05-04,213.74,464.13
2017-05-05,305.73,395.72
2017-05-06,271.68,364.47
2017-05-07,189.04,377.32
2017-05-08,230.3,418.26
2017-05-09,223.73,431.5
2017-05-10,225.3,417.47
2017-05-11,355.98,351.33
2017-05-12,315.07,359.08
2017-05-13,254.77,349.01
2017-05-14,198.35,348.57
2017-05-15,195.76,426.94
2017-05-16,203.21,455.72
2017-05-17,225.5,437.51
2017-05-18,278.9,384.36
2017-05-19,226.23,409.66
2017-05-20,204.98,388.29
2017-05-21,239.71,350.67
2017-05-22,217.21,433.49
2017-05-23,275.87,428.64
2017-05-24,239.05,451.7
2017-05-25,220.84,499.39
2017-05-26,211.98,511.3
2017-05-27,248.28,405.91
2017-05-28,241.01,367.73
2017-05-29,194.81,476.08
2017-05-30,189.3,503.07
2017-05-31,203.93,500.17
2017-06-01,207.57,518.0
2017-06-02,209.7,511.99
2017-06-03,216.29,406.87
2017-06-04,233.93,379.29
2017-06-05,269.02,409.61
2017-06-06,235.07,464.65
2017-06-07,206.64,494.19
2017-06-08,245.22,477.61
2017-06-09,173.29,522.64
2017-06-10,179.52,462.87
2017-06-11,210.25,405.54
2017-06-12,276.64,483.17
2017-06-13,245.19,537.61
2017-06-14,200.01,592.84
2017-06-15,211.79,585.68
2017-06-16,250.29,564.44
2017-06-17,232.04,509.87
2017-06-18,206.52,479.19
2017-06-19,247.43,583.31
2017-06-20,210.24,642.69
2017-06-21,175.11,664.15
2017-06-22,173.98,671.13
2017-06-23,191.98,625.53
2017-06-24,188.35,543.23
2017-06-25,171.29,488.14
2017-06-26,194.31,557.32
2017-06-27,270.42,483.36
2017-06-28,397.42,368.28
2017-06-29,342.14,388.45
2017-06-30,288.31,406.12
2017-07-01,244.84,407.41
2017-07-02,272.0,370.34
2017-07-03,241.31,485.09
2017-07-04,242.96,522.62
2017-07-05,228.15,549.78
2017-07-06,204.09,568.33
2017-07-07,209.28,560.95
2017-07-08,192.25,486.46
2017-07-09,159.33,454.11
2017-07-10,199.91,559.88
2017-07-11,168.93,608.85
2017-07-12,180.21,620.59
2017-07-13,198.98,618.08
2017-07-14,268.74,573.34
2017-07-15,270.43,477.69
2017-07-16,237.28,450.21
2017-07-17,249.96,558.94
2017-07-18,282.87,548.0
2017-07-19,244.16,562.96
2017-07-20,210.79,568.68
2017-07-21,195.54,550.22
2017-07-22,180.3,463.57
2017-07-23,183.43,424.18
2017-07-24,252.72,471.24
2017-07-25,261.37,462.05
2017-07-26,185.33,528.58
2017-07-27,174.66,572.74
2017-07-28,174.59,573.33
2017-07-29,215.4,479.74
2017-07-30,196.86,450.0
2017-07-31,204.07,539.91
2017-08-01,152.74,596.09
2017-08-02,181.15,603.08
2017-08-03,176.28,600.22
2017-08-04,184.25,607.54
2017-08-05,241.59,479.02
2017-08-06,287.61,402.56
2017-08-07,235.34,523.8
2017-08-08,258.22,503.78
2017-08-09,261.67,466.32
2017-08-10,291.88,415.96
2017-08-11,258.17,436.48
2017-08-12,214.8,406.55
2017-08-13,213.38,378.47
2017-08-14,228.6,422.09
2017-08-15,173.54,438.98
2017-08-16,151.28,498.33
2017-08-17,163.81,511.47
2017-08-18,199.66,495.13
2017-08-19,243.24,401.38
2017-08-20,256.38,371.76
2017-08-21,202.12,506.39
2017-08-22,195.68,551.35
2017-08-23,183.22,566.64
2017-08-24,207.48,535.23
2017-08-25,179.9,552.7
2017-08-26,176.1,485.84
2017-08-27,177.91,441.39
2017-08-28,163.29,552.28
2017-08-29,136.54,574.53
2017-08-30,145.55,549.21
2017-08-31,195.8,487.51
2017-09-01,238.77,425.23
2017-09-02,225.38,383.91
2017-09-03,155.42,394.85
2017-09-04,170.58,510.16
2017-09-05,171.08,552.42
2017-09-06,257.79,487.43
2017-09-07,221.52,502.8
2017-09-08,170.83,515.41
2017-09-09,271.79,359.4
2017-09-10,279.27,354.42
2017-09-11,261.68,414.51
2017-09-12,201.02,498.36
2017-09-13,199.61,524.26
2017-09-14,239.8,476.31
2017-09-15,247.91,434.07
2017-09-16,187.96,415.23
2017-09-17,155.6,415.6
2017-09-18,221.48,455.33
2017-09-19,193.47,519.07
2017-09-20,150.07,564.99
2017-09-21,160.08,551.58
2017-09-22,200.81,514.33
2017-09-23,174.71,458.93
2017-09-24,160.0,442.4
2017-09-25,195.73,520.09
2017-09-26,142.21,558.33
2017-09-27,138.58,570.75
2017-09-28,152.14,569.75
2017-09-29,138.29,572.35
2017-09-30,110.03,491.26
2017-10-01,134.67,449.54
2017-10-02,175.85,531.37
2017-10-03,160.68,567.6
2017-10-04,164.14,599.32
2017-10-05,176.29,573.46
2017-10-06,260.71,518.04
2017-10-07,191.2,459.54
2017-10-08,148.78,457.94
2017-10-09,126.29,596.57
2017-10-10,101.44,647.37
2017-10-11,131.66,608.4
2017-10-12,118.81,538.02
2017-10-13,117.5,548.01
2017-10-14,128.65,479.03
2017-10-15,213.58,394.21
2017-10-16,212.62,497.87
2017-10-17,207.06,532.1
2017-10-18,173.68,561.01
2017-10-19,187.11,560.76
2017-10-20,210.95,484.36
2017-10-21,189.15,419.63
2017-10-22,158.07,416.63
2017-10-23,140.98,534.64
2017-10-24,152.98,553.76
2017-10-25,151.87,573.8
2017-10-26,149.8,571.37
2017-10-27,212.25,506.38
2017-10-28,262.93,368.23
2017-10-29,247.81,380.54
2017-10-30,268.31,472.04
2017-10-31,178.36,542.38
2017-11-01,196.26,411.68
2017-11-02,149.45,563.62
2017-11-03,126.22,574.02
2017-11-04,144.77,446.65
2017-11-05,277.43,332.64
2017-11-06,270.37,492.59
2017-11-07,243.98,551.68
2017-11-08,242.47,556.02
2017-11-09,273.59,538.27
2017-11-10,270.0,553.0
2017-11-11,233.15,466.7
2017-11-12,242.88,409.55
2017-11-13,348.48,471.54
2017-11-14,266.89,568.12
2017-11-15,139.63,684.45
2017-11-16,112.59,715.92
2017-11-17,143.29,678.64
2017-11-18,172.09,554.74
2017-11-19,129.78,527.75
2017-11-20,115.71,674.91
2017-11-21,134.57,660.71
2017-11-22,216.61,576.97
2017-11-23,229.95,551.72
2017-11-24,178.67,574.46
2017-11-25,232.85,477.66
2017-11-26,195.04,464.55
2017-11-27,118.34,649.85
2017-11-28,137.35,693.84
2017-11-29,200.69,651.92
2017-11-30,219.35,657.52
2017-12-01,313.5,582.04
2017-12-02,316.34,519.96
2017-12-03,245.2,525.65
2017-12-04,180.11,706.04
2017-12-05,141.57,755.09
2017-12-06,149.96,675.48
2017-12-07,178.96,632.09
2017-12-08,201.52,549.49
2017-12-09,242.84,535.67
2017-12-10,370.97,419.21
2017-12-11,324.83,507.52
2017-12-12,221.11,629.85
2017-12-13,281.31,616.19
2017-12-14,317.44,550.28
2017-12-15,308.19,538.29
2017-12-16,243.74,506.38
2017-12-17,208.5,500.84
2017-12-18,240.76,619.59
2017-12-19,246.06,641.04
2017-12-20,218.1,657.88
2017-12-21,201.71,625.35
2017-12-22,249.53,539.98
2017-12-23,195.34,458.95
2017-12-24,155.35,453.52
2017-12-25,206.35,381.03
2017-12-26,304.95,374.17
2017-12-27,395.6,367.53
2017-12-28,365.74,367.55
2017-12-29,331.01,371.43
2017-12-30,315.66,357.4
2017-12-31,330.39,323.63
2018-01-01,320.69,316.23
2018-01-02,379.79,354.13
2018-01-03,370.45,373.06
2018-01-04,395.55,358.09
2018-01-05,329.15,371.77
2018-01-06,241.26,376.65
2018-01-07,219.47,411.62
2018-01-08,155.86,593.65
2018-01-09,270.18,543.87
2018-01-10,334.87,468.58
2018-01-11,376.57,464.69
2018-01-12,256.25,537.89
2018-01-13,202.58,501.09
2018-01-14,187.06,483.91
2018-01-15,246.11,557.08
2018-01-16,352.71,474.75
2018-01-17,296.69,508.81
2018-01-18,205.55,563.12
2018-01-19,223.97,530.9
2018-01-20,327.84,402.55
2018-01-21,322.82,371.37
2018-01-22,272.81,471.23
2018-01-23,198.27,560.81
2018-01-24,214.9,542.57
2018-01-25,239.95,494.06
2018-01-26,378.32,401.55
2018-01-27,309.91,378.39
2018-01-28,271.12,360.95
2018-01-29,205.04,508.69
2018-01-30,188.19,554.89
2018-01-31,182.32,562.24
2018-02-01,269.13,485.88
2018-02-02,339.27,449.19
2018-02-03,321.11,409.86
2018-02-04,216.18,440.34
2018-02-05,263.16,525.91
2018-02-06,309.76,525.01
2018-02-07,306.3,540.82
2018-02-08,261.73,604.75
2018-02-09,254.13,593.02
2018-02-10,303.01,446.81
2018-02-11,311.64,393.89
2018-02-12,281.22,503.81
2018-02-13,331.69,469.15
2018-02-14,394.31,440.5
2018-02-15,281.95,511.22
2018-02-16,191.57,573.85
2018-02-17,268.08,425.34
2018-02-18,259.52,385.96
2018-02-19,267.86,476.9
2018-02-20,390.79,423.21
2018-02-21,403.86,420.23
2018-02-22,350.44,462.17
2018-02-23,250.16,532.2
2018-02-24,180.44,520.93
2018-02-25,191.92,467.59
2018-02-26,300.7,523.21
2018-02-27,318.83,587.45
2018-02-28,362.0,525.77
2018-03-01,431.03,448.86
2018-03-02,420.88,445.69
2018-03-03,422.71,347.53
2018-03-04,341.86,333.58
2018-03-05,389.97,406.31
2018-03-06,421.07,399.01
2018-03-07,326.11,427.32
2018-03-08,338.0,380.78
2018-03-09,400.44,350.9
2018-03-10,458.04,309.63
2018-03-11,478.35,257.25
2018-03-12,477.24,322.5
2018-03-13,367.82,378.68
2018-03-14,466.19,349.07
2018-03-15,478.58,341.75
2018-03-16,426.44,376.92
2018-03-17,402.56,350.32
2018-03-18,392.19,337.13
2018-03-19,474.35,346.42
2018-03-20,544.74,350.33
2018-03-21,519.16,360.0
2018-03-22,449.52,398.85
2018-03-23,484.0,365.16
2018-03-24,518.88,305.86
2018-03-25,367.32,320.37
2018-03-26,423.12,364.86
2018-03-27,417.55,347.76
2018-03-28,399.78,347.86
2018-03-29,391.93,338.22
2018-03-30,441.25,294.28
2018-03-31,434.12,300.25
2018-04-01,323.58,319.47
2018-04-02,381.95,322.05
2018-04-03,439.84,334.44
2018-04-04,470.19,335.76
2018-04-05,354.63,372.3
2018-04-06,415.03,355.29
2018-04-07,313.5,335.65
2018-04-08,336.33,322.93
2018-04-09,345.63,352.6
2018-04-10,405.51,351.61
2018-04-11,483.81,334.55
2018-04-12,375.21,387.57
2018-04-13,287.6,423.53
2018-04-14,277.16,334.21
2018-04-15,323.12,310.55
2018-04-16,387.82,358.64
2018-04-17,317.3,390.14
2018-04-18,336.73,348.64
2018-04-19,384.82,328.04
2018-04-20,405.29,323.43
2018-04-21,322.88,307.22
2018-04-22,281.01,304.04
2018-04-23,293.12,355.26
2018-04-24,321.44,351.79
2018-04-25,334.01,344.9
2018-04-26,344.89,358.28
2018-04-27,333.67,343.5
2018-04-28,299.1,308.72
2018-04-29,334.65,294.87
2018-04-30,295.94,329.76
2018-05-01,266.08,316.36
2018-05-02,348.66,326.66
2018-05-03,424.5,319.62
2018-05-04,419.02,305.07
2018-05-05,311.85,305.95
2018-05-06,247.43,313.72
2018-05-07,252.72,388.06
2018-05-08,277.88,371.35
2018-05-09,293.48,359.78
2018-05-10,324.37,362.09
2018-05-11,273.56,379.83
2018-05-12,339.75,291.1
2018-05-13,337.41,300.53
2018-05-14,308.91,338.03
2018-05-15,336.15,348.68
2018-05-16,337.11,344.11
2018-05-17,305.73,350.45
2018-05-18,276.08,367.22
2018-05-19,242.88,348.0
2018-05-20,198.98,367.38
2018-05-21,206.98,442.04
2018-05-22,206.27,457.82
2018-05-23,216.09,476.36
2018-05-24,235.47,454.64
2018-05-25,247.83,456.22
2018-05-26,193.41,424.85
2018-05-27,179.57,381.23
2018-05-28,224.93,428.07
2018-05-29,205.28,455.14
2018-05-30,209.95,463.67
2018-05-31,214.51,446.35
2018-06-01,222.66,427.05
2018-06-02,207.71,375.8
2018-06-03,231.83,347.71
2018-06-04,252.03,388.31
2018-06-05,225.3,416.76
2018-06-06,209.42,426.99
2018-06-07,220.52,437.16
2018-06-08,216.7,438.29
2018-06-09,236.05,371.7
2018-06-10,214.98,347.66
2018-06-11,257.37,386.24
2018-06-12,334.85,342.55
2018-06-13,364.13,336.6
2018-06-14,318.89,346.05
2018-06-15,312.2,352.95
2018-06-16,293.95,326.61
2018-06-17,316.32,306.96
2018-06-18,366.89,331.26
2018-06-19,348.52,348.45
2018-06-20,308.35,410.54
2018-06-21,310.61,399.98
2018-06-22,331.25,385.7
2018-06-23,282.47,354.9
2018-06-24,227.28,366.26
2018-06-25,254.25,448.35
2018-06-26,244.1,479.61
2018-06-27,242.28,477.39
2018-06-28,241.0,486.46
2018-06-29,259.58,465.55
2018-06-30,243.43,408.05
2018-07-01,218.12,386.18
2018-07-02,240.01,446.15
2018-07-03,259.77,468.96
2018-07-04,295.33,457.53
2018-07-05,284.03,437.61
2018-07-06,254.86,443.44
2018-07-07,236.36,406.57
2018-07-08,230.01,385.7
2018-07-09,282.6,456.49
2018-07-10,282.56,474.88
2018-07-11,296.63,469.64
2018-07-12,242.88,491.69
2018-07-13,267.23,472.22
2018-07-14,214.32,444.8
2018-07-15,215.89,406.93
2018-07-16,301.8,430.73
2018-07-17,261.25,460.08
2018-07-18,286.13,456.51
2018-07-19,265.36,465.38
2018-07-20,287.32,443.15
2018-07-21,227.72,406.36
2018-07-22,218.28,392.0
2018-07-23,249.57,478.65
2018-07-24,240.96,521.19
2018-07-25,238.05,495.33
2018-07-26,224.89,514.76
2018-07-27,249.97,493.3
2018-07-28,241.26,405.3
2018-07-29,245.77,376.65
2018-07-30,233.48,493.25
2018-07-31,212.98,539.17
2018-08-01,261.87,517.08
2018-08-02,244.94,564.2
2018-08-03,239.81,600.11
2018-08-04,231.35,493.31
2018-08-05,211.99,470.07
2018-08-06,206.2,584.23
2018-08-07,232.89,561.17
2018-08-08,233.28,527.43
2018-08-09,258.62,469.61
2018-08-10,225.11,479.73
2018-08-11,207.52,442.67
2018-08-12,209.37,424.95
2018-08-13,197.26,494.48
2018-08-14,269.01,433.62
2018-08-15,220.47,400.96
2018-08-16,207.65,468.91
2018-08-17,276.06,403.55
2018-08-18,288.64,363.42
2018-08-19,256.54,357.11
2018-08-20,280.13,433.72
2018-08-21,230.54,536.46
2018-08-22,191.06,587.66
2018-08-23,205.41,557.94
2018-08-24,240.35,490.92
2018-08-25,218.21,416.2
2018-08-26,169.89,417.4
2018-08-27,204.27,534.51
2018-08-28,258.48,531.37
2018-08-29,212.52,549.13
2018-08-30,235.22,537.53
2018-08-31,251.14,509.52
2018-09-01,230.58,427.02
2018-09-02,195.17,427.47
2018-09-03,230.89,523.94
2018-09-04,227.23,549.24
2018-09-05,199.43,570.52
2018-09-06,224.13,537.42
2018-09-07,222.25,519.09
2018-09-08,166.11,454.99
2018-09-09,129.97,456.15
2018-09-10,193.58,497.99
2018-09-11,216.97,479.55
2018-09-12,193.27,533.06
2018-09-13,210.79,551.01
2018-09-14,194.24,542.5
2018-09-15,159.06,490.39
2018-09-16,143.69,466.56
2018-09-17,194.76,533.48
2018-09-18,149.61,565.41
2018-09-19,166.0,561.34
2018-09-20,191.0,551.92
2018-09-21,192.99,520.86
2018-09-22,158.78,501.93
2018-09-23,174.85,456.3
2018-09-24,324.5,473.47
2018-09-25,279.81,471.64
2018-09-26,262.06,483.22
2018-09-27,206.23,518.55
2018-09-28,186.11,523.06
2018-09-29,187.2,460.52
2018-09-30,162.97,424.18
2018-10-01,315.56,434.76
2018-10-02,293.49,438.36
2018-10-03,243.53,498.05
2018-10-04,166.15,571.0
2018-10-05,180.73,518.5
2018-10-06,223.42,434.71
2018-10-07,275.82,393.87
2018-10-08,190.95,522.58
2018-10-09,164.73,555.86
2018-10-10,194.61,529.25
2018-10-11,242.99,486.62
2018-10-12,222.86,423.73
2018-10-13,239.23,412.4
2018-10-14,268.42,385.17
2018-10-15,226.45,514.25
2018-10-16,135.79,607.03
2018-10-17,143.47,589.99
2018-10-18,211.76,511.35
2018-10-19,258.64,468.28
2018-10-20,252.53,406.73
2018-10-21,172.13,426.48
2018-10-22,274.22,461.94
2018-10-23,246.74,498.31
2018-10-24,201.65,543.14
2018-10-25,153.99,577.52
2018-10-26,143.31,581.19
2018-10-27,275.96,393.89
2018-10-28,291.4,385.33
2018-10-29,355.05,422.79
2018-10-30,264.38,512.07
2018-10-31,198.83,571.65
2018-11-01,186.99,426.97
2018-11-02,240.68,482.32
2018-11-03,166.35,496.5
2018-11-04,182.82,425.68
2018-11-05,282.8,487.19
2018-11-06,353.77,456.59
2018-11-07,288.13,497.48
2018-11-08,248.31,518.97
2018-11-09,370.57,415.06
2018-11-10,374.24,307.52
2018-11-11,272.5,343.54
2018-11-12,186.59,551.09
2018-11-13,176.69,555.2
2018-11-14,219.51,531.72
2018-11-15,192.99,554.89
2018-11-16,201.94,551.61
2018-11-17,201.9,441.74
2018-11-18,247.53,391.78
2018-11-19,177.93,586.67
2018-11-20,232.42,546.16
2018-11-21,259.39,543.81
2018-11-22,244.18,571.76
2018-11-23,249.39,554.79
2018-11-24,255.96,451.94
2018-11-25,282.28,416.74
2018-11-26,366.62,451.19
2018-11-27,290.68,538.2
2018-11-28,256.7,529.08
2018-11-29,245.11,539.4
2018-11-30,284.28,525.4
2018-12-01,293.99,403.53
2018-12-02,301.52,363.17
2018-12-03,262.55,488.69
2018-12-04,191.66,540.74
2018-12-05,235.53,520.67
2018-12-06,233.09,440.59
2018-12-07,258.69,409.55
2018-12-08,240.41,406.09
2018-12-09,239.55,408.65
2018-12-10,199.97,506.58
2018-12-11,192.89,574.12
2018-12-12,252.24,543.33
2018-12-13,389.57,446.37
2018-12-14,375.96,485.61
2018-12-15,343.76,397.56
2018-12-16,368.89,368.27
2018-12-17,287.28,531.23
2018-12-18,324.82,480.28
2018-12-19,325.19,466.45
2018-12-20,268.56,483.94
2018-12-21,291.59,408.88
2018-12-22,214.96,406.26
2018-12-23,166.63,412.64
2018-12-24,154.92,425.12
2018-12-25,139.71,392.62
2018-12-26,165.34,470.97
2018-12-27,164.04,525.35
2018-12-28,205.2,470.95
2018-12-29,273.93,352.32
2018-12-30,224.69,356.54
2018-12-31,188.14,394.65
2019-01-01,169.35,381.15
2019-01-02,294.3,420.85
2019-01-03,229.06,496.01
2019-01-04,210.38,554.2
2019-01-05,214.17,465.07
2019-01-06,245.9,416.03
2019-01-07,268.62,503.39
2019-01-08,273.01,548.63
2019-01-09,339.98,510.05
2019-01-10,363.28,511.47
2019-01-11,330.47,533.47
2019-01-12,276.26,466.53
2019-01-13,268.83,454.68
2019-01-14,275.73,560.76
2019-01-15,172.98,634.97
2019-01-16,178.52,636.63
2019-01-17,181.74,606.61
2019-01-18,207.15,624.95
2019-01-19,232.92,500.86
2019-01-20,281.9,443.03
2019-01-21,295.65,551.43
2019-01-22,348.59,532.59
2019-01-23,465.84,436.86
2019-01-24,399.53,505.81
2019-01-25,360.6,528.52
2019-01-26,231.47,470.43
2019-01-27,385.87,349.04
2019-01-28,428.8,412.25
2019-01-29,407.33,457.58
2019-01-30,391.46,469.09
2019-01-31,477.46,398.47
2019-02-01,484.52,386.69
2019-02-02,452.12,360.47
2019-02-03,376.64,372.77
2019-02-04,314.96,528.75
2019-02-05,257.84,563.13
2019-02-06,225.13,559.31
2019-02-07,243.02,530.33
2019-02-08,276.16,496.68
2019-02-09,289.69,405.83
2019-02-10,362.91,353.06
2019-02-11,269.74,483.03
2019-02-12,223.16,522.87
2019-02-13,224.81,528.85
2019-02-14,289.83,473.67
2019-02-15,229.59,496.99
2019-02-16,271.83,401.27
2019-02-17,287.36,371.02
2019-02-18,241.54,492.8
2019-02-19,166.17,561.05
2019-02-20,191.08,541.69
2019-02-21,228.69,504.4
2019-02-22,219.06,482.59
2019-02-23,223.73,431.51
2019-02-24,198.98,415.47
2019-02-25,206.12,490.66
2019-02-26,226.1,466.06
2019-02-27,231.8,457.8
2019-02-28,219.24,462.31
2019-03-01,208.7,458.46
2019-03-02,257.92,375.38
2019-03-03,287.33,340.1
2019-03-04,343.24,369.86
2019-03-05,267.98,395.47
2019-03-06,417.13,347.54
2019-03-07,303.14,412.61
2019-03-08,209.17,445.66
2019-03-09,229.76,386.02
2019-03-10,249.99,353.59
2019-03-11,271.05,418.25
2019-03-12,294.84,397.83
2019-03-13,345.95,358.53
2019-03-14,301.73,409.79
2019-03-15,263.42,433.8
2019-03-16,247.44,374.3
2019-03-17,308.36,333.65
2019-03-18,291.12,382.06
2019-03-19,305.06,364.63
2019-03-20,308.19,394.62
2019-03-21,265.01,432.64
2019-03-22,255.29,432.82
2019-03-23,225.5,394.52
2019-03-24,234.82,360.34
2019-03-25,353.66,366.01
2019-03-26,394.94,339.17
2019-03-27,330.68,373.13
2019-03-28,301.2,422.21
2019-03-29,275.69,434.51
2019-03-30,223.89,420.36
2019-03-31,163.63,412.26
2019-04-01,155.03,510.65
2019-04-02,177.79,487.96
2019-04-03,275.83,404.07
2019-04-04,269.65,438.95
2019-04-05,295.87,403.47
2019-04-06,345.48,319.16
2019-04-07,295.04,330.03
2019-04-08,279.37,411.37
2019-04-09,337.46,373.22
2019-04-10,314.21,398.75
2019-04-11,294.87,420.45
2019-04-12,269.61,419.91
2019-04-13,199.67,396.05
2019-04-14,202.38,369.81
2019-04-15,284.28,381.46
2019-04-16,225.97,444.55
2019-04-17,338.1,362.76
2019-04-18,211.65,410.07
2019-04-19,262.67,356.32
2019-04-20,304.5,336.48
2019-04-21,209.74,362.29
2019-04-22,186.2,421.93
2019-04-23,275.51,390.51
2019-04-24,382.84,345.34
2019-04-25,392.92,338.69
2019-04-26,320.34,383.94
2019-04-27,240.41,361.96
2019-04-28,251.97,339.12
2019-04-29,214.08,436.31
2019-04-30,213.99,431.57
2019-05-01,247.49,342.11
2019-05-02,320.08,361.14
2019-05-03,291.44,389.34
2019-05-04,284.54,352.64
2019-05-05,301.13,320.69
2019-05-06,194.44,446.44
2019-05-07,262.93,433.6
2019-05-08,409.49,324.9
2019-05-09,336.26,372.96
2019-05-10,323.48,368.5
2019-05-11,269.47,363.36
2019-05-12,322.75,296.45
2019-05-13,323.99,366.13
2019-05-14,245.33,419.67
2019-05-15,238.05,424.45
2019-05-16,266.46,401.02
2019-05-17,405.6,331.33
2019-05-18,276.28,354.17
2019-05-19,257.66,360.35
2019-05-20,202.55,439.83
2019-05-21,189.59,444.63
2019-05-22,185.43,465.48
2019-05-23,191.47,454.24
2019-05-24,294.1,391.61
2019-05-25,311.99,339.17
2019-05-26,282.18,333.2
2019-05-27,273.02,406.92
2019-05-28,327.67,393.39
2019-05-29,318.35,396.99
2019-05-30,248.45,433.52
2019-05-31,227.4,451.9
2019-06-01,208.69,424.89
2019-06-02,219.59,411.4
2019-06-03,219.31,473.38
2019-06-04,291.41,452.53
2019-06-05,307.41,424.5
2019-06-06,310.99,408.75
2019-06-07,314.97,411.28
2019-06-08,231.65,418.01
2019-06-09,214.71,396.35
2019-06-10,251.66,415.49
2019-06-11,260.34,435.35
2019-06-12,211.71,470.16
2019-06-13,232.87,462.19
2019-06-14,222.71,470.47
2019-06-15,208.58,437.39
2019-06-16,161.12,431.86
2019-06-17,178.21,517.91
2019-06-18,274.01,452.1
2019-06-19,213.39,506.63
2019-06-20,211.95,495.92
2019-06-21,220.14,494.47
2019-06-22,206.06,459.81
2019-06-23,228.56,404.01
2019-06-24,189.31,489.05
2019-06-25,194.6,539.29
2019-06-26,275.68,497.14
2019-06-27,295.37,492.41
2019-06-28,225.35,544.19
2019-06-29,191.64,512.09
2019-06-30,216.44,455.44
2019-07-01,274.31,509.52
2019-07-02,267.08,527.81
2019-07-03,242.19,544.75
2019-07-04,225.71,552.9
2019-07-05,212.43,562.11
2019-07-06,181.57,516.51
2019-07-07,203.01,473.14
2019-07-08,251.46,515.76
2019-07-09,228.18,530.77
2019-07-10,200.3,552.89
2019-07-11,194.93,576.83
2019-07-12,184.38,588.21
2019-07-13,232.04,494.77
2019-07-14,238.32,442.09
2019-07-15,263.38,512.74
2019-07-16,255.19,523.88
2019-07-17,237.48,529.51
2019-07-18,214.79,555.5
2019-07-19,225.31,561.46
2019-07-20,213.7,528.89
2019-07-21,212.57,481.05
2019-07-22,262.2,553.82
2019-07-23,245.96,584.76
2019-07-24,225.99,615.19
2019-07-25,256.1,581.82
2019-07-26,223.55,574.88
2019-07-27,262.6,466.33
2019-07-28,201.65,462.14
2019-07-29,233.04,518.91
2019-07-30,237.28,518.38
2019-07-31,253.87,528.19
2019-08-01,210.44,581.45
2019-08-02,181.65,574.89
2019-08-03,169.96,533.7
2019-08-04,174.28,492.62
2019-08-05,177.28,558.07
2019-08-06,185.44,573.68
2019-08-07,185.62,581.0
2019-08-08,248.38,542.84
2019-08-09,306.05,497.86
2019-08-10,188.11,508.36
2019-08-11,208.8,442.55
2019-08-12,243.6,475.27
2019-08-13,213.33,499.95
2019-08-14,185.59,519.07
2019-08-15,193.62,475.59
2019-08-16,176.72,512.43
2019-08-17,213.08,475.25
2019-08-18,225.84,416.86
2019-08-19,240.79,485.0
2019-08-20,265.96,477.75
2019-08-21,231.24,518.4
2019-08-22,227.56,518.65
2019-08-23,205.91,531.05
2019-08-24,180.03,514.87
2019-08-25,225.5,446.08
2019-08-26,213.83,542.71
2019-08-27,147.24,609.7
2019-08-28,148.72,597.25
2019-08-29,185.89,571.42
2019-08-30,183.53,583.29
2019-08-31,166.51,507.66
2019-09-01,223.22,436.91
2019-09-02,326.62,470.24
2019-09-03,215.96,553.61
2019-09-04,222.7,548.84
2019-09-05,326.24,433.38
2019-09-06,344.3,428.71
2019-09-07,308.42,395.42
2019-09-08,207.51,424.24
2019-09-09,203.45,526.32
2019-09-10,392.0,389.55
2019-09-11,352.97,393.06
2019-09-12,253.07,468.08
2019-09-13,248.41,470.51
2019-09-14,224.02,417.47
2019-09-15,181.38,426.73
2019-09-16,156.71,573.71
2019-09-17,153.34,572.53
2019-09-18,149.18,572.17
2019-09-19,156.17,575.92
2019-09-20,193.71,557.95
2019-09-21,211.5,441.66
2019-09-22,223.96,421.3
2019-09-23,209.69,515.29
2019-09-24,267.79,496.65
2019-09-25,215.83,528.09
2019-09-26,177.72,539.55
2019-09-27,165.6,546.7
2019-09-28,143.12,504.17
2019-09-29,203.04,415.48
2019-09-30,161.28,525.06
2019-10-01,236.24,487.07
2019-10-02,253.54,487.06
2019-10-03,205.92,501.58
2019-10-04,154.34,518.13
2019-10-05,138.56,480.66
2019-10-06,174.01,409.64
2019-10-07,204.48,497.84
2019-10-08,164.6,504.79
2019-10-09,166.58,505.24
2019-10-10,176.06,516.62
2019-10-11,185.83,511.49
2019-10-12,259.63,382.06
2019-10-13,263.46,356.08
2019-10-14,317.44,427.01
2019-10-15,285.22,486.39
2019-10-16,236.17,476.55
2019-10-17,217.85,497.22
2019-10-18,198.95,481.76
2019-10-19,209.41,417.99
2019-10-20,201.99,405.59
2019-10-21,138.16,528.79
2019-10-22,224.93,507.43
2019-10-23,221.59,476.98
2019-10-24,273.52,456.58
2019-10-25,219.11,473.34
2019-10-26,197.16,433.02
2019-10-27,145.36,467.18
2019-10-28,153.05,491.37
2019-10-29,170.42,508.25
2019-10-30,189.62,494.71
2019-10-31,236.9,445.66
2019-11-01,333.73,313.85
2019-11-02,382.06,296.63
2019-11-03,422.21,262.62
2019-11-04,425.3,315.04
2019-11-05,421.98,350.37
2019-11-06,335.52,451.88
2019-11-07,363.23,389.15
2019-11-08,436.58,354.55
2019-11-09,379.38,314.08
2019-11-10,402.25,270.93
2019-11-11,325.82,392.38
2019-11-12,360.91,416.49
2019-11-13,379.87,414.39
2019-11-14,418.14,406.99
2019-11-15,355.11,439.52
2019-11-16,299.88,404.49
2019-11-17,332.93,353.55
2019-11-18,322.98,469.68
2019-11-19,243.04,546.44
2019-11-20,250.95,550.28
2019-11-21,277.84,537.95
2019-11-22,426.96,385.11
2019-11-23,486.66,304.04
2019-11-24,402.67,321.33
2019-11-25,395.17,416.17
2019-11-26,410.25,383.18
2019-11-27,461.67,330.65
2019-11-28,411.42,349.66
2019-11-29,285.78,454.72
2019-11-30,353.04,345.87
2019-12-01,279.35,336.17
2019-12-02,407.45,367.88
2019-12-03,342.48,444.15
2019-12-04,315.55,471.32
2019-12-05,359.1,426.08
2019-12-06,233.45,432.57
2019-12-07,215.59,423.96
2019-12-08,279.68,363.49
2019-12-09,359.49,406.86
2019-12-10,328.62,472.71
2019-12-11,404.76,417.29
2019-12-12,514.76,348.22
2019-12-13,543.31,309.98
2019-12-14,454.98,297.31
2019-12-15,337.53,320.0
2019-12-16,414.34,379.09
2019-12-17,296.55,428.6
2019-12-18,392.41,389.86
2019-12-19,488.35,316.59
2019-12-20,503.23,294.95
2019-12-21,437.13,258.15
2019-12-22,436.17,235.07
2019-12-23,423.12,304.15
2019-12-24,341.81,299.57
2019-12-25,305.37,302.5
2019-12-26,325.56,344.91
2019-12-27,293.98,379.67
2019-12-28,283.67,364.23
2019-12-29,261.95,364.15
2019-12-30,255.05,392.95
2019-12-31,245.34,392.68
2020-01-01,213.82,381.66
2020-01-02,270.04,437.88
2020-01-03,265.31,420.33
2020-01-04,301.86,370.79
2020-01-05,233.03,378.6
2020-01-06,224.51,390.39
2020-01-07,247.45,490.17
2020-01-08,253.66,480.5
2020-01-09,306.68,440.94
2020-01-10,348.92,424.58
2020-01-11,239.07,424.34
2020-01-12,214.95,434.79
2020-01-13,296.46,470.49
2020-01-14,357.05,395.08
2020-01-15,337.71,422.84
2020-01-16,361.27,421.82
2020-01-17,341.34,432.62
2020-01-18,298.76,383.34
2020-01-19,443.34,345.02
2020-01-20,480.24,399.91
2020-01-21,410.71,444.37
2020-01-22,324.93,483.18
2020-01-23,245.88,527.86
2020-01-24,229.9,535.18
2020-01-25,197.37,460.31
2020-01-26,266.73,387.72
2020-01-27,390.56,412.79
2020-01-28,352.87,423.68
2020-01-29,340.21,435.12
2020-01-30,351.69,409.37
2020-01-31,321.88,409.4
2020-02-01,353.7,347.35
2020-02-02,296.57,340.61
2020-02-03,271.0,427.74
2020-02-04,329.48,408.18
2020-02-05,319.03,423.68
2020-02-06,311.7,442.37
2020-02-07,269.26,453.99
2020-02-08,215.81,416.14
2020-02-09,293.02,366.14
2020-02-10,374.72,382.32
2020-02-11,274.88,437.25
2020-02-12,213.85,481.61
2020-02-13,294.21,429.84
2020-02-14,252.59,454.91
2020-02-15,266.38,378.48
2020-02-16,315.2,339.75
2020-02-17,317.36,390.83
2020-02-18,274.48,433.84
2020-02-19,267.97,446.15
2020-02-20,292.79,429.65
2020-02-21,281.93,432.59
2020-02-22,233.98,397.63
2020-02-23,217.07,380.23
2020-02-24,259.03,425.57
2020-02-25,348.57,354.88
2020-02-26,400.79,366.93
2020-02-27,430.53,371.72
2020-02-28,322.94,389.17
2020-02-29,423.89,265.51
2020-03-01,453.07,255.01
2020-03-02,481.95,292.59
2020-03-03,478.63,326.43
2020-03-04,445.6,350.02
2020-03-05,491.81,322.94
2020-03-06,522.33,323.15
2020-03-07,382.32,341.39
2020-03-08,345.9,323.3
2020-03-09,417.98,363.91
2020-03-10,357.51,364.21
2020-03-11,277.87,401.68
2020-03-12,286.24,388.35
2020-03-13,329.54,366.55
2020-03-14,245.73,371.54
2020-03-15,292.63,353.49
2020-03-16,394.3,349.59
2020-03-17,375.55,326.18
2020-03-18,296.7,341.09
2020-03-19,291.42,328.03
2020-03-20,290.76,338.57
2020-03-21,219.11,350.29
2020-03-22,193.19,344.07
2020-03-23,279.04,340.88
2020-03-24,277.87,353.12
2020-03-25,240.19,351.85
2020-03-26,358.13,324.02
2020-03-27,270.7,347.15
2020-03-28,216.57,343.68
2020-03-29,282.25,314.41
2020-03-30,327.56,353.94
2020-03-31,306.54,352.8
2020-04-01,225.21,362.2
2020-04-02,256.89,353.77
2020-04-03,265.17,364.48
2020-04-04,302.33,314.63
2020-04-05,301.73,300.16
2020-04-06,211.48,340.79
2020-04-07,214.45,328.89
2020-04-08,211.66,324.04
2020-04-09,200.0,329.28
2020-04-10,197.8,335.26
2020-04-11,200.33,313.58
2020-04-12,227.3,316.23
2020-04-13,195.5,332.47
2020-04-14,233.84,322.37
2020-04-15,311.03,311.34
2020-04-16,341.57,291.69
2020-04-17,305.21,290.18
2020-04-18,212.3,325.28
2020-04-19,238.26,298.32
2020-04-20,292.64,297.96
2020-04-21,346.48,287.21
2020-04-22,325.24,304.19
2020-04-23,284.0,304.48
2020-04-24,301.69,295.28
2020-04-25,220.85,299.22
2020-04-26,242.46,293.81
2020-04-27,313.21,284.75
2020-04-28,383.69,258.87
2020-04-29,448.74,227.51
2020-04-30,475.33,213.55
2020-05-01,425.28,227.06
2020-05-02,346.24,253.75
2020-05-03,251.34,257.16
2020-05-04,386.21,259.13
2020-05-05,320.34,265.72
2020-05-06,278.66,279.02
2020-05-07,343.02,262.47
2020-05-08,316.85,258.82
2020-05-09,266.2,286.91
2020-05-10,294.82,264.26
2020-05-11,340.49,258.26
2020-05-12,241.24,306.92
2020-05-13,262.67,283.56
2020-05-14,294.94,265.63
2020-05-15,337.17,254.15
2020-05-16,347.38,260.17
2020-05-17,278.32,266.0
2020-05-18,299.03,270.93
2020-05-19,294.08,289.75
2020-05-20,241.26,307.64
2020-05-21,249.13,302.45
2020-05-22,261.09,299.13
2020-05-23,327.02,254.8
2020-05-24,329.29,241.55
2020-05-25,314.07,295.28
2020-05-26,365.13,269.25
2020-05-27,343.41,287.98
2020-05-28,302.87,317.57
2020-05-29,277.86,326.3
2020-05-30,274.13,285.83
2020-05-31,230.05,293.95
2020-06-01,228.91,342.16
2020-06-02,231.73,355.75
2020-06-03,267.81,367.82
2020-06-04,348.69,323.73
2020-06-05,297.3,343.78
2020-06-06,261.49,331.91
2020-06-07,336.03,295.96
2020-06-08,332.55,337.48
2020-06-09,311.35,359.47
2020-06-10,264.28,375.92
2020-06-11,359.96,311.75
2020-06-12,400.33,286.01
2020-06-13,330.74,292.75
2020-06-14,246.17,311.28
2020-06-15,264.43,386.69
2020-06-16,281.35,390.42
2020-06-17,252.48,395.95
2020-06-18,234.21,380.96
2020-06-19,244.07,370.94
2020-06-20,233.16,357.04
2020-06-21,263.53,333.78
2020-06-22,315.25,380.34
2020-06-23,298.56,388.83
2020-06-24,253.65,383.46
2020-06-25,273.07,400.4
2020-06-26,301.98,392.44
2020-06-27,276.73,354.94
2020-06-28,246.33,361.52
2020-06-29,289.3,412.45
2020-06-30,297.38,434.81
2020-07-01,294.51,456.65
2020-07-02,313.88,471.59
2020-07-03,303.32,470.77
2020-07-04,264.04,408.42
2020-07-05,276.43,394.65
2020-07-06,369.85,453.2
2020-07-07,296.46,500.69
2020-07-08,298.84,521.36
2020-07-09,257.3,543.35
2020-07-10,293.41,496.86
2020-07-11,371.82,396.15
2020-07-12,301.44,383.02
2020-07-13,345.82,444.33
2020-07-14,342.79,449.78
2020-07-15,378.51,453.66
2020-07-16,350.91,487.29
2020-07-17,366.22,480.66
2020-07-18,245.32,470.54
2020-07-19,226.44,441.47
2020-07-20,295.89,484.82
2020-07-21,296.49,501.55
2020-07-22,237.35,533.85
2020-07-23,238.79,545.0
2020-07-24,277.45,502.89
2020-07-25,237.89,451.77
2020-07-26,227.8,433.59
2020-07-27,281.19,490.6
2020-07-28,318.61,498.71
2020-07-29,313.0,510.45
2020-07-30,312.29,533.93
2020-07-31,249.27,553.52
2020-08-01,285.36,447.41
2020-08-02,337.81,404.3
2020-08-03,317.33,450.32
2020-08-04,289.5,476.39
2020-08-05,240.38,495.24
2020-08-06,278.48,486.58
2020-08-07,275.37,476.16
2020-08-08,231.25,455.46
2020-08-09,224.74,431.6
2020-08-10,259.42,477.01
2020-08-11,279.93,479.92
2020-08-12,257.3,479.36
2020-08-13,218.58,504.66
2020-08-14,239.64,477.97
2020-08-15,269.88,392.77
2020-08-16,281.01,378.79
2020-08-17,283.78,447.93
2020-08-18,249.49,476.77
2020-08-19,339.12,417.27
2020-08-20,336.64,433.59
2020-08-21,285.14,449.32
2020-08-22,245.66,415.67
2020-08-23,264.15,381.63
2020-08-24,278.98,473.78
2020-08-25,257.36,487.21
2020-08-26,241.73,525.89
2020-08-27,263.18,531.52
2020-08-28,327.6,442.11
2020-08-29,370.51,374.53
2020-08-30,297.31,360.64
2020-08-31,250.6,455.01
2020-09-01,188.0,502.28
2020-09-02,277.91,439.12
2020-09-03,238.61,463.85
2020-09-04,257.76,465.68
2020-09-05,320.14,380.17
2020-09-06,391.35,341.18
2020-09-07,391.85,367.07
2020-09-08,314.71,426.53
2020-09-09,241.41,492.92
2020-09-10,258.11,491.19
2020-09-11,233.71,487.74
2020-09-12,223.93,402.98
2020-09-13,246.64,391.13
2020-09-14,280.41,472.02
2020-09-15,229.0,510.6
2020-09-16,203.99,536.73
2020-09-17,238.91,492.09
2020-09-18,277.62,449.93
2020-09-19,261.28,390.48
2020-09-20,186.13,389.71
2020-09-21,189.06,508.26
2020-09-22,200.32,516.62
2020-09-23,255.59,477.03
2020-09-24,330.3,416.49
2020-09-25,452.16,351.29
2020-09-26,399.0,321.67
2020-09-27,362.96,330.14
2020-09-28,269.54,430.13
2020-09-29,201.69,505.92
2020-09-30,188.81,484.06
2020-10-01,325.29,387.9
2020-10-02,446.51,315.76
2020-10-03,440.64,282.96
2020-10-04,370.34,275.63
2020-10-05,306.96,342.68
2020-10-06,299.21,364.51
2020-10-07,251.73,422.49
2020-10-08,206.18,438.7
2020-10-09,186.92,454.31
2020-10-10,331.48,317.23
2020-10-11,364.27,301.9
2020-10-12,318.22,321.53
2020-10-13,313.61,378.18
2020-10-14,353.18,351.04
2020-10-15,338.92,379.99
2020-10-16,278.61,422.43
2020-10-17,217.52,381.26
2020-10-18,214.44,352.09
2020-10-19,392.27,343.68
2020-10-20,429.68,343.05
2020-10-21,351.91,361.99
2020-10-22,260.33,419.22
2020-10-23,302.66,378.15
2020-10-24,343.12,303.42
2020-10-25,396.54,298.14
2020-10-26,413.39,330.28
2020-10-27,379.76,340.65
2020-10-28,264.29,383.68
2020-10-29,222.1,417.68
2020-10-30,243.44,401.4
2020-10-31,258.73,317.85
2020-11-01,248.33,311.2
2020-11-02,231.1,359.65
2020-11-03,303.17,360.73
2020-11-04,328.68,369.44
2020-11-05,406.53,328.51
2020-11-06,438.79,315.29
2020-11-07,350.88,328.05
2020-11-08,282.97,318.91
2020-11-09,220.76,422.49
2020-11-10,218.27,451.85
2020-11-11,289.26,369.02
2020-11-12,243.63,411.44
2020-11-13,218.16,409.92
2020-11-14,235.52,343.05
2020-11-15,317.04,304.56
2020-11-16,239.36,413.93
2020-11-17,205.11,418.84
2020-11-18,225.39,416.62
2020-11-19,321.61,386.57
2020-11-20,389.9,364.19
2020-11-21,242.31,367.02
2020-11-22,175.62,401.27
2020-11-23,203.79,484.04
2020-11-24,247.04,478.14
2020-11-25,249.11,462.79
2020-11-26,347.01,429.22
2020-11-27,286.73,479.53
2020-11-28,194.42,436.37
2020-11-29,175.32,425.58
2020-11-30,235.69,464.34
2020-12-01,313.06,437.86
2020-12-02,397.87,414.82
2020-12-03,375.35,423.58
2020-12-04,427.76,418.99
2020-12-05,407.24,374.65
2020-12-06,418.72,366.74
2020-12-07,469.3,337.88
2020-12-08,460.43,345.56
2020-12-09,437.92,435.33
2020-12-10,503.57,378.99
2020-12-11,514.94,341.94
2020-12-12,492.6,330.83
2020-12-13,345.82,365.29
2020-12-14,331.4,430.24
2020-12-15,363.28,422.55
2020-12-16,338.82,441.99
2020-12-17,266.58,483.76
2020-12-18,306.68,425.29
2020-12-19,288.52,386.36
2020-12-20,298.53,358.08
2020-12-21,331.45,413.58
2020-12-22,300.35,392.24
2020-12-23,300.52,393.46
2020-12-24,268.64,350.09
2020-12-25,409.2,309.1
2020-12-26,370.73,332.54
2020-12-27,394.59,329.55
2020-12-28,517.11,310.63
2020-12-29,462.67,343.39
2020-12-30,428.4,383.12
2020-12-31,409.26,337.57
2021-01-01,398.85,312.33
2021-01-02,437.3,351.91
2021-01-03,396.19,359.93
2021-01-04,338.97,443.03
2021-01-05,292.01,436.7
2021-01-06,273.37,407.48
2021-01-07,281.41,486.27
2021-01-08,393.66,416.16
2021-01-09,393.07,366.76
2021-01-10,404.92,361.32
2021-01-11,415.63,398.2
2021-01-12,369.71,476.84
2021-01-13,382.55,459.28
2021-01-14,414.78,423.31
2021-01-15,421.92,427.2
2021-01-16,377.19,390.95
2021-01-17,343.08,377.13
2021-01-18,274.7,486.76
2021-01-19,331.49,420.9
2021-01-20,469.98,346.2
2021-01-21,526.14,345.33
2021-01-22,536.41,328.24
2021-01-23,528.51,306.17
2021-01-24,475.59,311.25
2021-01-25,439.25,368.3
2021-01-26,341.62,402.16
2021-01-27,404.26,365.81
2021-01-28,426.43,347.85
2021-01-29,442.92,345.6
2021-01-30,550.87,245.36
2021-01-31,478.27,229.64
2021-02-01,543.17,257.51
2021-02-02,484.93,315.01
2021-02-03,432.52,332.86
2021-02-04,312.38,395.01
2021-02-05,375.12,361.81
2021-02-06,394.72,321.65
2021-02-07,442.39,287.94
2021-02-08,528.2,294.13
2021-02-09,512.82,284.92
2021-02-10,501.73,322.43
2021-02-11,413.18,376.12
2021-02-12,503.27,322.37
2021-02-13,430.26,316.3
2021-02-14,401.53,299.86
2021-02-15,434.56,311.57
2021-02-16,430.55,326.23
2021-02-17,401.06,335.32
2021-02-18,448.22,318.63
2021-02-19,473.03,301.6
2021-02-20,490.92,233.66
2021-02-21,426.22,253.01
2021-02-22,424.47,332.58
2021-02-23,426.33,314.59
2021-02-24,511.25,291.16
2021-02-25,381.86,341.17
2021-02-26,387.45,329.97
2021-02-27,428.82,297.59
2021-02-28,418.96,299.44
2021-03-01,417.18,350.52
2021-03-02,345.4,385.14
2021-03-03,294.54,390.11
2021-03-04,308.07,376.75
2021-03-05,349.36,351.57
2021-03-06,335.29,323.01
2021-03-07,257.67,331.51
2021-03-08,376.34,369.18
2021-03-09,373.84,374.7
2021-03-10,364.24,348.82
2021-03-11,422.56,323.48
2021-03-12,379.58,337.36
2021-03-13,337.13,309.83
2021-03-14,388.2,285.3
2021-03-15,452.98,315.53
2021-03-16,523.83,300.03
2021-03-17,545.01,274.21
2021-03-18,497.94,306.02
2021-03-19,471.31,290.72
2021-03-20,502.25,283.2
2021-03-21,466.38,285.05
2021-03-22,457.45,330.47
2021-03-23,310.84,379.82
2021-03-24,275.93,374.12
2021-03-25,296.03,366.67
2021-03-26,312.73,348.37
2021-03-27,313.24,314.44
2021-03-28,288.32,289.72
2021-03-29,388.5,330.1
2021-03-30,364.11,333.68
2021-03-31,383.73,317.8
2021-04-01,334.83,323.31
2021-04-02,235.03,334.53
2021-04-03,365.36,289.57
2021-04-04,344.27,286.13
2021-04-05,285.38,303.26
2021-04-06,445.33,315.89
2021-04-07,417.1,342.62
2021-04-08,338.37,374.04
2021-04-09,307.61,393.98
2021-04-10,240.87,340.28
2021-04-11,353.67,307.3
2021-04-12,389.76,337.11
2021-04-13,280.65,427.09
2021-04-14,287.46,409.93
2021-04-15,346.4,366.11
2021-04-16,421.61,341.7
2021-04-17,397.31,304.17
2021-04-18,304.27,318.95
2021-04-19,262.12,420.69
2021-04-20,242.49,424.05
2021-04-21,216.85,434.72
2021-04-22,248.11,407.97
2021-04-23,338.55,330.54
2021-04-24,337.29,283.9
2021-04-25,261.26,315.13
2021-04-26,220.64,398.49
2021-04-27,226.03,411.66
2021-04-28,245.83,390.32
2021-04-29,274.66,349.0
2021-04-30,271.57,377.27
2021-05-01,332.42,303.13
2021-05-02,264.25,340.05
2021-05-03,275.88,368.48
2021-05-04,275.71,382.76
2021-05-05,285.89,353.22
2021-05-06,331.95,358.04
2021-05-07,311.35,357.56
2021-05-08,363.1,318.6
2021-05-09,365.16,296.35
2021-05-10,338.62,339.4
2021-05-11,466.23,324.53
2021-05-12,458.28,315.34
2021-05-13,408.03,322.7
2021-05-14,402.07,335.45
2021-05-15,449.06,284.12
2021-05-16,465.93,255.08
2021-05-17,313.0,305.86
2021-05-18,393.84,306.9
2021-05-19,362.16,313.94
2021-05-20,303.85,337.67
2021-05-21,352.52,298.71
2021-05-22,308.38,285.14
2021-05-23,262.45,288.98
2021-05-24,367.07,281.55
2021-05-25,339.03,310.48
2021-05-26,292.31,342.75
2021-05-27,237.78,382.64
2021-05-28,242.71,382.1
2021-05-29,292.34,307.53
2021-05-30,288.03,284.87
2021-05-31,283.96,354.21
2021-06-01,275.42,380.91
2021-06-02,264.36,396.67
2021-06-03,307.48,349.84
2021-06-04,279.28,357.5
2021-06-05,238.16,331.56
2021-06-06,314.16,289.26
2021-06-07,299.64,363.45
2021-06-08,272.27,382.01
2021-06-09,299.29,367.22
2021-06-10,325.6,342.98
2021-06-11,393.06,298.63
2021-06-12,361.08,255.91
2021-06-13,285.06,305.18
2021-06-14,300.46,379.99
2021-06-15,303.77,394.61
2021-06-16,291.16,412.39
2021-06-17,256.94,435.51
2021-06-18,279.18,394.52
2021-06-19,245.5,355.25
2021-06-20,388.62,260.99
2021-06-21,347.25,323.33
2021-06-22,310.45,350.36
2021-06-23,349.97,334.13
2021-06-24,361.07,308.61
2021-06-25,330.28,354.64
2021-06-26,321.86,334.3
2021-06-27,346.62,315.05
2021-06-28,347.95,363.03
2021-06-29,291.87,416.12
2021-06-30,300.08,421.98
2021-07-01,290.11,443.82
2021-07-02,316.69,438.61
2021-07-03,333.44,341.04
2021-07-04,371.83,324.23
2021-07-05,412.42,364.1
2021-07-06,367.7,382.33
2021-07-07,319.09,418.37
2021-07-08,340.05,409.15
2021-07-09,320.53,404.47
2021-07-10,302.15,374.41
2021-07-11,295.94,359.83
2021-07-12,451.82,358.5
2021-07-13,378.9,374.61
2021-07-14,391.92,347.7
2021-07-15,392.9,352.23
2021-07-16,379.56,363.22
2021-07-17,313.15,354.11
2021-07-18,350.23,328.6
2021-07-19,292.52,420.54
2021-07-20,251.6,461.96
2021-07-21,254.83,480.67
2021-07-22,303.5,444.61
2021-07-23,359.77,406.7
2021-07-24,319.91,360.48
2021-07-25,274.72,367.7
2021-07-26,273.71,430.27
2021-07-27,285.63,439.75
2021-07-28,338.92,404.56
2021-07-29,335.18,407.65
2021-07-30,369.66,374.79
2021-07-31,389.41,319.96
2021-08-01,286.91,331.0
2021-08-02,267.99,385.82
2021-08-03,287.7,390.07
2021-08-04,330.89,392.32
2021-08-05,340.46,360.27
2021-08-06,332.0,376.53
2021-08-07,344.92,330.97
2021-08-08,275.74,341.13
2021-08-09,277.44,375.01
2021-08-10,244.74,433.12
2021-08-11,243.36,441.32
2021-08-12,285.54,442.48
2021-08-13,262.54,456.73
2021-08-14,259.34,452.97
2021-08-15,290.82,394.46
2021-08-16,398.77,370.83
2021-08-17,412.76,367.74
2021-08-18,366.77,373.27
2021-08-19,286.88,407.32
2021-08-20,264.56,424.48
2021-08-21,259.34,391.55
2021-08-22,293.31,355.26
2021-08-23,385.12,365.91
2021-08-24,350.65,398.15
2021-08-25,243.1,465.6
2021-08-26,221.14,484.49
2021-08-27,266.77,449.29
2021-08-28,334.93,365.53
2021-08-29,276.47,359.5
2021-08-30,247.68,449.21
2021-08-31,244.14,470.13
2021-09-01,237.92,466.73
2021-09-02,200.04,482.61
2021-09-03,199.66,490.04
2021-09-04,210.43,440.91
2021-09-05,245.82,396.86
2021-09-06,259.93,459.76
2021-09-07,368.25,409.74
2021-09-08,292.31,450.17
2021-09-09,265.82,471.72
2021-09-10,239.07,475.64
2021-09-11,184.8,455.42
2021-09-12,209.93,404.88
2021-09-13,240.55,469.01
2021-09-14,215.83,529.06
2021-09-15,182.49,575.07
2021-09-16,230.4,485.26
2021-09-17,206.35,503.13
2021-09-18,257.55,389.57
2021-09-19,248.68,370.32
2021-09-20,345.04,375.46
2021-09-21,363.24,349.24
2021-09-22,284.42,391.02
2021-09-23,317.86,374.98
2021-09-24,227.19,447.27
2021-09-25,238.11,396.85
2021-09-26,242.04,384.16
2021-09-27,233.18,451.41
2021-09-28,216.39,458.58
2021-09-29,279.45,402.66
2021-09-30,229.38,459.22
2021-10-01,171.35,485.81
2021-10-02,310.55,340.26
2021-10-03,339.01,306.34
2021-10-04,349.91,345.91
2021-10-05,308.17,394.54
2021-10-06,268.59,440.32
2021-10-07,249.93,452.68
2021-10-08,238.15,442.0
2021-10-09,255.9,368.17
2021-10-10,323.97,321.82
2021-10-11,288.55,362.13
2021-10-12,271.23,379.12
2021-10-13,308.19,396.78
2021-10-14,218.08,452.52
2021-10-15,200.32,462.39
2021-10-16,162.82,429.4
2021-10-17,161.28,413.09
2021-10-18,190.79,478.13
2021-10-19,315.06,382.21
2021-10-20,339.66,359.96
2021-10-21,236.27,414.38
2021-10-22,283.02,400.49
2021-10-23,205.48,417.54
2021-10-24,183.27,405.45
2021-10-25,163.17,506.02
2021-10-26,195.2,498.08
2021-10-27,172.28,532.72
2021-10-28,274.52,419.89
2021-10-29,281.51,401.53
2021-10-30,339.92,335.04
2021-10-31,385.76,298.01
2021-11-01,380.18,294.36
2021-11-02,370.44,391.82
2021-11-03,344.29,425.42
2021-11-04,283.96,467.13
2021-11-05,360.84,421.59
2021-11-06,401.0,340.84
2021-11-07,407.28,325.82
2021-11-08,405.61,391.75
2021-11-09,315.97,456.42
2021-11-10,220.06,565.58
2021-11-11,182.14,593.26
2021-11-12,202.67,540.05
2021-11-13,236.93,423.79
2021-11-14,331.61,350.35
2021-11-15,387.84,401.79
2021-11-16,334.66,460.89
2021-11-17,396.58,385.08
2021-11-18,324.16,436.56
2021-11-19,261.58,487.62
2021-11-20,156.32,525.11
2021-11-21,175.81,471.24
2021-11-22,251.75,516.96
2021-11-23,311.14,513.66
2021-11-24,278.61,547.29
2021-11-25,346.93,506.57
2021-11-26,374.97,466.78
2021-11-27,485.2,309.98
2021-11-28,472.71,304.2
2021-11-29,432.95,428.68
2021-11-30,223.1,609.76
2021-12-01,353.77,472.79
2021-12-02,463.07,410.11
2021-12-03,445.72,444.14
2021-12-04,444.97,337.3
2021-12-05,519.55,267.97
2021-12-06,425.71,351.54
2021-12-07,416.51,363.44
2021-12-08,548.77,278.88
2021-12-09,527.46,326.27
2021-12-10,548.32,318.52
2021-12-11,425.2,349.67
2021-12-12,273.63,405.84
2021-12-13,262.22,545.11
2021-12-14,222.69,599.36
2021-12-15,267.09,554.13
2021-12-16,298.23,533.34
2021-12-17,268.24,564.75
2021-12-18,236.95,518.76
2021-12-19,272.01,425.82
2021-12-20,269.79,526.62
2021-12-21,286.05,542.75
2021-12-22,290.36,502.79
2021-12-23,287.99,505.64
2021-12-24,301.71,378.5
2021-12-25,251.2,354.01
2021-12-26,330.11,328.03
2021-12-27,507.2,293.06
2021-12-28,497.21,290.38
2021-12-29,350.45,323.04
2021-12-30,240.65,356.02
2021-12-31,261.52,312.33
2022-01-01,258.9,299.51
2022-01-02,220.83,362.82
2022-01-03,276.23,392.84
2022-01-04,403.96,357.33
2022-01-05,406.83,360.34
2022-01-06,342.41,347.07
2022-01-07,355.57,396.15
2022-01-08,389.44,319.61
2022-01-09,502.34,311.6
2022-01-10,436.94,426.66
2022-01-11,384.55,457.17
2022-01-12,406.01,461.49
2022-01-13,298.82,543.51
2022-01-14,254.22,591.64
2022-01-15,231.64,487.43
2022-01-16,222.96,470.85
2022-01-17,247.82,586.72
2022-01-18,223.66,645.29
2022-01-19,259.11,608.86
2022-01-20,361.98,522.68
2022-01-21,448.04,447.85
2022-01-22,306.14,480.04
2022-01-23,226.37,492.04
2022-01-24,238.58,615.7
2022-01-25,243.72,618.9
2022-01-26,264.46,609.97
2022-01-27,272.62,585.28
2022-01-28,358.86,473.16
2022-01-29,260.11,429.58
2022-01-30,223.39,447.57
2022-01-31,423.51,402.66
2022-02-01,450.72,399.88
2022-02-02,287.58,553.99
2022-02-03,205.38,611.96
2022-02-04,201.93,558.91
2022-02-05,292.19,402.45
2022-02-06,266.98,385.66
2022-02-07,368.15,442.94
2022-02-08,269.88,524.15
2022-02-09,238.93,563.94
2022-02-10,186.97,608.17
2022-02-11,211.93,587.68
2022-02-12,168.47,509.59
2022-02-13,339.73,355.27
2022-02-14,430.78,396.83
2022-02-15,384.54,427.04
2022-02-16,432.95,388.2
2022-02-17,324.9,462.94
2022-02-18,294.96,417.02
2022-02-19,333.88,352.73
2022-02-20,285.93,375.4
2022-02-21,350.5,416.64
2022-02-22,340.14,432.62
2022-02-23,244.07,489.0
2022-02-24,250.19,478.16
2022-02-25,400.29,386.45
2022-02-26,275.54,430.6
2022-02-27,188.6,437.63
2022-02-28,212.32,486.43
2022-03-01,284.65,481.03
2022-03-02,344.03,466.2
2022-03-03,297.82,423.23
2022-03-04,416.31,387.58
2022-03-05,302.86,377.15
2022-03-06,275.17,374.5
2022-03-07,245.8,475.98
2022-03-08,291.08,459.63
2022-03-09,310.12,428.37
2022-03-10,344.2,404.5
2022-03-11,345.6,408.16
2022-03-12,365.84,363.26
2022-03-13,315.22,364.39
2022-03-14,449.5,365.54
2022-03-15,441.47,392.88
2022-03-16,323.03,449.14
2022-03-17,493.47,337.39
2022-03-18,327.41,396.64
2022-03-19,260.87,340.84
2022-03-20,346.13,342.67
2022-03-21,377.42,404.58
2022-03-22,412.13,390.07
2022-03-23,389.56,372.69
2022-03-24,343.27,385.59
2022-03-25,300.23,397.94
2022-03-26,242.74,372.64
2022-03-27,253.69,338.94
2022-03-28,309.98,434.86
2022-03-29,191.69,505.92
2022-03-30,324.73,414.13
2022-03-31,462.49,324.8
2022-04-01,505.22,314.07
2022-04-02,441.2,315.19
2022-04-03,416.63,302.23
2022-04-04,433.05,347.93
2022-04-05,317.89,457.23
2022-04-06,336.44,460.93
2022-04-07,489.41,335.35
2022-04-08,499.21,327.54
2022-04-09,318.74,377.9
2022-04-10,357.97,325.21
2022-04-11,477.71,307.66
2022-04-12,314.06,441.18
2022-04-13,292.12,433.19
2022-04-14,302.79,362.22
2022-04-15,259.23,372.42
2022-04-16,325.78,340.44
2022-04-17,307.46,319.12
2022-04-18,370.38,311.65
2022-04-19,401.94,318.22
2022-04-20,478.83,299.17
2022-04-21,433.31,341.07
2022-04-22,314.07,366.76
2022-04-23,488.44,281.93
2022-04-24,369.02,316.25
2022-04-25,260.54,406.17
2022-04-26,252.04,455.0
2022-04-27,224.59,467.28
2022-04-28,282.57,394.79
2022-04-29,335.47,386.06
2022-04-30,352.24,330.02
2022-05-01,317.44,321.99
2022-05-02,356.14,323.95
2022-05-03,371.06,341.09
2022-05-04,383.44,337.18
2022-05-05,440.54,322.55
2022-05-06,462.93,314.66
2022-05-07,391.14,315.85
2022-05-08,327.98,322.89
2022-05-09,301.62,376.95
2022-05-10,320.02,394.66
2022-05-11,352.93,392.49
2022-05-12,331.88,424.46
2022-05-13,277.17,436.81
2022-05-14,292.17,349.22
2022-05-15,378.47,273.47
2022-05-16,340.83,355.92
2022-05-17,334.02,403.22
2022-05-18,321.9,435.67
2022-05-19,395.0,390.1
2022-05-20,383.54,386.36
2022-05-21,333.71,318.39
2022-05-22,311.87,312.51
2022-05-23,385.06,338.83
2022-05-24,384.09,354.0
2022-05-25,431.94,338.3
2022-05-26,457.32,311.49
2022-05-27,438.46,306.21
2022-05-28,357.54,297.06
2022-05-29,335.46,315.28
2022-05-30,275.61,429.41
2022-05-31,273.72,452.47
2022-06-01,310.53,433.9
2022-06-02,262.7,452.34
2022-06-03,272.96,467.58
2022-06-04,274.9,410.27
2022-06-05,277.0,377.45
2022-06-06,290.75,406.11
2022-06-07,293.64,461.04
2022-06-08,357.79,437.87
2022-06-09,370.47,434.95
2022-06-10,318.53,418.53
2022-06-11,365.46,344.56
2022-06-12,379.15,324.92
2022-06-13,348.64,461.16
2022-06-14,274.71,572.64
2022-06-15,276.31,620.11
2022-06-16,261.39,635.61
2022-06-17,285.38,606.42
2022-06-18,366.57,455.45
2022-06-19,381.02,388.44
2022-06-20,282.14,534.04
2022-06-21,254.67,579.48
2022-06-22,236.86,586.92
2022-06-23,266.6,569.06
2022-06-24,334.86,435.68
2022-06-25,303.52,420.1
2022-06-26,315.27,365.79
2022-06-27,374.68,400.45
2022-06-28,279.73,509.82
2022-06-29,311.29,459.1
2022-06-30,329.64,429.96
2022-07-01,316.35,457.36
2022-07-02,328.43,417.02
2022-07-03,335.1,397.07
2022-07-04,342.46,480.71
2022-07-05,398.0,458.11
2022-07-06,409.09,431.03
2022-07-07,447.83,400.69
2022-07-08,399.88,441.56
2022-07-09,330.65,448.51
2022-07-10,285.42,480.84
2022-07-11,297.15,562.7
2022-07-12,281.05,598.07
2022-07-13,288.53,636.51
2022-07-14,289.75,627.63
2022-07-15,323.23,620.14
2022-07-16,263.2,611.14
2022-07-17,273.52,560.27
2022-07-18,325.99,602.39
2022-07-19,361.3,541.27
2022-07-20,313.94,579.6
2022-07-21,345.96,578.77
2022-07-22,357.58,550.77
2022-07-23,301.45,544.14
2022-07-24,263.05,544.49
2022-07-25,314.76,572.42
2022-07-26,366.58,559.1
2022-07-27,328.75,555.13
2022-07-28,283.29,541.6
2022-07-29,315.79,549.64
2022-07-30,358.67,452.62
2022-07-31,312.35,464.53
2022-08-01,306.28,561.54
2022-08-02,287.54,596.59
2022-08-03,310.1,579.05
2022-08-04,358.45,538.03
2022-08-05,401.72,489.64
2022-08-06,347.75,474.64
2022-08-07,307.2,464.67
2022-08-08,298.48,549.4
2022-08-09,321.79,555.1
2022-08-10,291.41,559.21
2022-08-11,276.37,575.19
2022-08-12,247.86,590.71
2022-08-13,284.76,534.97
2022-08-14,310.32,438.98
2022-08-15,296.76,436.71
2022-08-16,345.89,432.33
2022-08-17,351.47,401.3
2022-08-18,374.09,374.47
2022-08-19,343.54,414.5
2022-08-20,271.48,482.02
2022-08-21,301.12,417.19
2022-08-22,371.08,415.36
2022-08-23,305.57,524.4
2022-08-24,267.86,568.65
2022-08-25,306.09,526.08
2022-08-26,362.06,470.01
2022-08-27,278.99,507.69
2022-08-28,268.23,481.74
2022-08-29,277.94,550.45
2022-08-30,220.39,631.11
2022-08-31,257.43,596.06
2022-09-01,203.86,621.57
2022-09-02,251.64,600.6
2022-09-03,269.98,498.1
2022-09-04,316.11,406.36
2022-09-05,333.6,480.51
2022-09-06,323.64,534.53
2022-09-07,295.39,558.5
2022-09-08,250.08,577.04
2022-09-09,263.11,568.9
2022-09-10,221.05,546.99
2022-09-11,259.31,495.97
2022-09-12,281.05,543.0
2022-09-13,358.57,463.77
2022-09-14,263.6,543.23
2022-09-15,218.4,602.1
2022-09-16,355.13,487.33
2022-09-17,352.21,421.88
2022-09-18,278.3,408.57
2022-09-19,250.99,528.68
2022-09-20,285.63,546.59
2022-09-21,261.52,551.63
2022-09-22,240.73,556.92
2022-09-23,272.58,537.11
2022-09-24,335.44,387.44
2022-09-25,325.36,333.36
2022-09-26,323.83,412.8
2022-09-27,372.06,408.8
2022-09-28,392.21,372.91
2022-09-29,368.56,371.85
2022-09-30,360.23,412.67
2022-10-01,229.77,443.92
2022-10-02,227.33,433.78
2022-10-03,162.2,578.53
2022-10-04,181.16,597.11
2022-10-05,219.06,565.84
2022-10-06,290.6,503.72
2022-10-07,214.09,568.86
2022-10-08,267.32,473.09
2022-10-09,215.83,456.27
2022-10-10,148.98,596.43
2022-10-11,148.5,617.15
2022-10-12,188.17,529.48
2022-10-13,203.67,572.46
2022-10-14,246.1,538.34
2022-10-15,253.93,445.23
2022-10-16,306.38,321.23
2022-10-17,307.53,425.39
2022-10-18,348.06,400.02
2022-10-19,351.86,381.38
2022-10-20,363.2,390.11
2022-10-21,338.05,419.34
2022-10-22,352.95,300.1
2022-10-23,397.7,250.37
2022-10-24,244.91,379.59
2022-10-25,336.36,367.37
2022-10-26,273.85,408.92
2022-10-27,408.62,300.98
2022-10-28,343.93,319.57
2022-10-29,361.86,281.25
2022-10-30,222.61,338.76
2022-10-31,296.84,300.71
2022-11-01,189.31,366.45
2022-11-02,195.17,431.75
2022-11-03,317.75,351.98
2022-11-04,356.55,387.95
2022-11-05,255.99,437.4
2022-11-06,275.28,341.33
2022-11-07,304.23,387.79
2022-11-08,328.94,384.57
2022-11-09,239.08,498.76
2022-11-10,206.8,538.47
2022-11-11,286.94,420.38
2022-11-12,351.62,335.28
2022-11-13,265.49,356.25
2022-11-14,276.64,445.61
2022-11-15,421.94,329.07
2022-11-16,454.69,322.19
2022-11-17,466.41,313.82
2022-11-18,354.15,373.11
2022-11-19,448.46,296.41
2022-11-20,347.21,313.42
2022-11-21,490.62,293.7
2022-11-22,509.42,305.65
2022-11-23,465.76,339.74
2022-11-24,300.17,436.15
2022-11-25,357.55,404.43
2022-11-26,302.89,372.13
2022-11-27,270.63,365.89
2022-11-28,462.18,335.23
2022-11-29,360.48,449.04
2022-11-30,208.51,567.63
2022-12-01,300.66,470.8
2022-12-02,235.93,567.95
2022-12-03,217.35,531.6
2022-12-04,198.04,485.28
2022-12-05,244.44,518.6
2022-12-06,153.63,591.54
2022-12-07,162.54,592.63
2022-12-08,278.85,418.4
2022-12-09,280.47,464.04
2022-12-10,353.38,394.29
2022-12-11,232.28,429.71
2022-12-12,437.87,355.27
2022-12-13,402.71,370.49
2022-12-14,391.5,366.62
2022-12-15,341.15,433.64
2022-12-16,313.54,423.19
2022-12-17,236.14,438.54
2022-12-18,326.99,332.72
2022-12-19,406.9,345.2
2022-12-20,427.88,336.94
2022-12-21,478.1,315.82
2022-12-22,474.19,313.63
2022-12-23,421.8,309.57
2022-12-24,313.28,310.18
2022-12-25,292.33,293.6
2022-12-26,230.76,357.41
2022-12-27,282.53,358.73
2022-12-28,362.3,317.79
2022-12-29,371.73,310.1
2022-12-30,435.86,275.31
2022-12-31,305.05,286.38
2023-01-01,281.2,273.68
2023-01-02,277.37,390.18
2023-01-03,297.15,407.5
2023-01-04,284.09,384.84
2023-01-05,265.44,404.49
2023-01-06,290.29,337.88
2023-01-07,427.32,270.36
2023-01-08,483.88,233.31
2023-01-09,467.13,314.91
2023-01-10,422.65,351.39
2023-01-11,401.13,360.79
2023-01-12,391.73,357.76
2023-01-13,390.68,364.35
2023-01-14,395.71,305.45
2023-01-15,427.39,282.22
2023-01-16,541.96,282.78
2023-01-17,532.35,270.2
2023-01-18,529.74,292.66
2023-01-19,554.49,299.52
2023-01-20,470.23,352.58
2023-01-21,457.22,298.51
2023-01-22,490.41,295.29
2023-01-23,537.82,333.65
2023-01-24,477.09,380.4
2023-01-25,483.94,361.62
2023-01-26,547.03,338.31
2023-01-27,579.35,323.5
2023-01-28,515.75,309.72
2023-01-29,438.19,332.16
2023-01-30,413.93,410.24
2023-01-31,464.48,398.33
2023-02-01,460.89,385.0
2023-02-02,366.48,433.69
2023-02-03,323.41,458.2
2023-02-04,401.79,361.3
2023-02-05,461.0,333.32
2023-02-06,464.14,370.84
2023-02-07,374.7,451.87
2023-02-08,351.05,460.64
2023-02-09,341.41,477.06
2023-02-10,335.06,465.78
2023-02-11,333.37,391.28
2023-02-12,310.24,379.12
2023-02-13,348.85,445.65
2023-02-14,376.04,438.56
2023-02-15,300.04,492.24
2023-02-16,261.88,503.3
2023-02-17,303.64,441.9
2023-02-18,261.73,374.63
2023-02-19,263.07,388.03
2023-02-20,290.61,439.73
2023-02-21,246.72,500.91
2023-02-22,251.47,502.71
2023-02-23,320.32,435.2
2023-02-24,284.9,471.53
2023-02-25,277.82,403.85
2023-02-26,489.09,318.84
2023-02-27,575.65,354.87
2023-02-28,520.52,370.91
2023-03-01,406.58,456.78
2023-03-02,437.89,456.43
2023-03-03,411.56,455.41
2023-03-04,322.91,423.82
2023-03-05,221.68,488.34
2023-03-06,302.4,512.47
2023-03-07,471.33,350.28
2023-03-08,520.05,331.2
2023-03-09,533.86,305.83
2023-03-10,553.96,302.24
2023-03-11,487.87,292.97
2023-03-12,373.8,337.22
2023-03-13,458.98,309.21
2023-03-14,463.45,351.46
2023-03-15,345.73,416.78
2023-03-16,438.89,348.76
2023-03-17,454.66,339.71
2023-03-18,362.15,334.24
2023-03-19,304.37,379.82
2023-03-20,317.17,418.53
2023-03-21,299.1,421.12
2023-03-22,357.06,369.65
2023-03-23,412.99,342.16
2023-03-24,424.47,335.38
2023-03-25,357.31,316.53
2023-03-26,415.34,276.6
2023-03-27,393.42,372.35
2023-03-28,358.33,397.19
2023-03-29,425.54,338.51
2023-03-30,454.29,317.21
2023-03-31,533.22,268.06
2023-04-01,442.09,273.52
2023-04-02,417.19,279.92
2023-04-03,398.34,346.34
2023-04-04,449.58,318.51
2023-04-05,389.92,339.98
2023-04-06,354.85,347.06
2023-04-07,289.18,375.81
2023-04-08,294.71,378.78
2023-04-09,256.73,371.64
2023-04-10,297.03,341.62
2023-04-11,373.2,347.96
2023-04-12,482.15,316.57
2023-04-13,460.84,315.86
2023-04-14,488.62,300.82
2023-04-15,461.71,301.1
2023-04-16,374.12,324.0
2023-04-17,437.89,310.48
2023-04-18,425.16,327.31
2023-04-19,350.79,365.02
2023-04-20,308.08,402.64
2023-04-21,349.65,382.47
2023-04-22,336.66,321.93
2023-04-23,369.54,303.33
2023-04-24,349.83,352.77
2023-04-25,362.59,375.39
2023-04-26,310.95,414.66
2023-04-27,285.51,444.76
2023-04-28,327.43,391.43
2023-04-29,349.42,317.26
2023-04-30,349.56,306.84
2023-05-01,332.81,308.82
2023-05-02,317.18,361.91
2023-05-03,406.83,314.2
2023-05-04,402.39,302.18
2023-05-05,352.9,349.65
2023-05-06,341.48,306.77
2023-05-07,357.18,290.97
2023-05-08,357.55,325.51
2023-05-09,407.74,317.27
2023-05-10,449.15,312.58
2023-05-11,450.52,307.29
2023-05-12,434.85,312.81
2023-05-13,425.34,287.42
2023-05-14,386.28,288.88
2023-05-15,472.56,295.86
2023-05-16,532.39,268.79
2023-05-17,511.77,260.51
2023-05-18,489.83,281.01
2023-05-19,479.83,286.31
2023-05-20,378.12,279.55
2023-05-21,332.96,295.35
2023-05-22,322.58,348.79
2023-05-23,333.54,352.21
2023-05-24,339.49,346.02
2023-05-25,408.06,309.12
2023-05-26,370.91,305.67
2023-05-27,229.65,355.66
2023-05-28,201.43,348.49
2023-05-29,254.42,371.2
2023-05-30,244.64,405.99
2023-05-31,259.75,401.09
2023-06-01,262.32,396.28
2023-06-02,258.84,370.11
2023-06-03,238.83,357.7
2023-06-04,225.54,342.46
2023-06-05,272.73,386.7
2023-06-06,327.38,367.66
2023-06-07,285.21,381.19
2023-06-08,266.3,383.55
2023-06-09,373.72,328.24
2023-06-10,279.91,321.21
2023-06-11,266.0,335.88
2023-06-12,280.6,412.84
2023-06-13,348.5,362.11
2023-06-14,413.98,341.65
2023-06-15,370.67,375.05
2023-06-16,336.03,396.86
2023-06-17,347.23,331.96
2023-06-18,336.52,337.33
2023-06-19,324.81,418.88
2023-06-20,285.44,475.13
2023-06-21,271.3,465.42
2023-06-22,335.36,425.2
2023-06-23,351.46,398.74
2023-06-24,339.94,351.6
2023-06-25,304.84,377.58
2023-06-26,434.69,385.15
2023-06-27,427.26,406.76
2023-06-28,360.9,450.7
2023-06-29,421.76,406.27
2023-06-30,436.26,363.92
2023-07-01,356.16,341.02
2023-07-02,368.74,317.53
2023-07-03,345.21,392.7
2023-07-04,334.31,425.28
2023-07-05,299.03,438.73
2023-07-06,319.14,448.1
2023-07-07,382.86,408.2
2023-07-08,331.51,395.35
2023-07-09,284.17,392.95
2023-07-10,310.31,502.93
2023-07-11,371.69,468.84
2023-07-12,366.84,460.93
2023-07-13,338.35,487.94
2023-07-14,421.5,424.21
2023-07-15,394.11,337.58
2023-07-16,325.74,338.94
2023-07-17,356.16,451.55
2023-07-18,339.6,517.78
2023-07-19,358.58,502.36
2023-07-20,380.48,451.38
2023-07-21,394.34,397.64
2023-07-22,324.67,356.0
2023-07-23,323.96,341.96
2023-07-24,413.08,374.93
2023-07-25,393.44,382.55
2023-07-26,326.16,424.44
2023-07-27,330.41,436.07
2023-07-28,339.83,434.79
2023-07-29,330.51,365.64
2023-07-30,326.81,341.6
2023-07-31,332.87,402.05
2023-08-01,402.29,390.76
2023-08-02,428.63,367.63
2023-08-03,450.17,353.8
2023-08-04,452.67,352.33
2023-08-05,393.41,335.57
2023-08-06,410.46,304.89
2023-08-07,404.89,335.64
2023-08-08,317.98,421.54
2023-08-09,270.88,500.48
2023-08-10,359.06,433.18
2023-08-11,316.6,407.13
